[
  { "name": "lead_id", "type": "Row Number" },
  { "name": "created_at", "type": "Date", "options": { "format": "%Y-%m-%d", "min": "2024-01-01", "max": "2025-06-30" } },
  { "name": "source", "type": "Custom List", "values": ["Facebook", "LinkedIn", "Email Campaign", "Referral"] },
  { "name": "industry", "type": "Custom List", "values": ["EdTech", "Retail", "Consulting", "FinTech", "HealthTech"] },
  { "name": "company_size", "type": "Custom List", "values": ["1–10", "11–50", "51–200"] },
  { "name": "intent_score", "type": "Number", "options": { "min": 10, "max": 100 } },
  { "name": "funnel_stage", "type": "Custom List", "values": ["Lead", "MQL", "SQL", "Customer"] },
  { "name": "last_engaged", "type": "Date", "options": { "format": "%Y-%m-%d", "min": "2024-01-01", "max": "2025-06-30" } },
  { "name": "engagement_channel", "type": "Custom List", "values": ["Email", "WhatsApp", "LinkedIn", "Call"] },
  { "name": "sales_owner", "type": "Full Name" }
]
