lead_id,created_at,source,industry,company_size,intent_score,funnel_stage,last_engaged,engagement_channel,sales_owner
1,2024-07-04,LinkedIn,FinTech,M: 11-50,13,SQL,2024-04-11,LinkedIn,Alan Flores
2,2024-08-28,LinkedIn,EdTech,S: 1-10,34,Lead,2024-09-20,WhatsApp,Alan Burns
3,2024-04-21,LinkedIn,Retail,S: 1-10,33,Lead,2024-02-15,Email,Ryan Perry
4,2024-04-27,Referral,HealthTech,L: 51-200,21,Customer,2024-04-09,LinkedIn,Jessica Nichols
5,2024-10-13,Email Campaign,Retail,L: 51-200,39,Lead,2024-06-30,Call,Claudia Smith
6,2025-02-27,Referral,Retail,L: 51-200,97,Customer,2024-12-26,LinkedIn,Donna Robinson
7,2024-02-01,Facebook,Consulting,L: 51-200,48,MQL,2024-11-09,WhatsApp,Catherine Hall
8,2024-01-03,Email Campaign,Retail,M: 11-50,81,Customer,2024-10-02,WhatsApp,Craig Perkins
9,2024-07-07,Referral,Retail,S: 1-10,82,Lead,2025-01-20,Email,Anthony Black
10,2024-07-10,Facebook,Consulting,S: 1-10,10,Lead,2025-01-04,LinkedIn,Nicole Brown
11,2024-10-22,LinkedIn,Retail,S: 1-10,67,Lead,2025-01-25,Email,Thomas Lopez
12,2025-04-11,LinkedIn,Consulting,S: 1-10,74,Lead,2024-09-15,LinkedIn,Samuel Ellison
13,2025-04-17,LinkedIn,Logistics,M: 11-50,22,Customer,2024-06-13,Email,Melissa Harrison
14,2024-12-03,Facebook,Retail,L: 51-200,26,MQL,2025-06-11,Call,Amanda Chandler
15,2024-08-08,LinkedIn,EdTech,M: 11-50,60,Lead,2024-05-18,WhatsApp,Kari Miller
16,2025-02-26,Referral,Logistics,M: 11-50,54,Customer,2025-06-02,LinkedIn,Deanna Perez
17,2024-10-31,Referral,Consulting,L: 51-200,88,SQL,2024-12-27,Email,Shelby Palmer
18,2024-07-12,Facebook,FinTech,S: 1-10,92,SQL,2024-07-28,Email,Ashley Carter
19,2024-05-23,Facebook,FinTech,S: 1-10,65,Customer,2025-05-15,Email,David Leon
20,2024-03-04,Facebook,Retail,S: 1-10,33,Lead,2025-06-09,Email,Natasha Walker
21,2025-04-12,Referral,Logistics,L: 51-200,87,MQL,2024-08-19,LinkedIn,Yvette Eaton
22,2024-10-03,Facebook,Logistics,L: 51-200,21,Customer,2024-02-15,Email,Allen Lee
23,2024-02-28,LinkedIn,EdTech,L: 51-200,61,MQL,2024-09-26,LinkedIn,Natasha Long
24,2025-06-12,LinkedIn,FinTech,M: 11-50,35,Lead,2024-03-29,WhatsApp,Rhonda Snow
25,2025-05-24,LinkedIn,Logistics,M: 11-50,18,Lead,2024-12-06,Call,Kenneth Liu
26,2024-07-03,Email Campaign,HealthTech,L: 51-200,98,MQL,2024-04-30,WhatsApp,Jacob Lopez
27,2024-10-28,Facebook,FinTech,S: 1-10,72,Lead,2025-01-14,LinkedIn,Anthony Campos
28,2025-06-01,LinkedIn,FinTech,L: 51-200,45,MQL,2024-10-30,WhatsApp,Brooke Hodge
29,2024-06-28,LinkedIn,Consulting,L: 51-200,23,Lead,2024-10-06,WhatsApp,Courtney Cardenas
30,2024-06-30,Facebook,HealthTech,S: 1-10,16,MQL,2024-08-08,Call,Jamie Carter
31,2025-02-11,Email Campaign,Retail,M: 11-50,41,Customer,2025-05-20,WhatsApp,Lisa Hamilton
32,2024-07-20,Email Campaign,Logistics,L: 51-200,44,MQL,2024-04-24,WhatsApp,Patricia Smith
33,2024-10-10,LinkedIn,Consulting,M: 11-50,63,Lead,2025-03-15,WhatsApp,Todd Leon
34,2024-12-15,Email Campaign,Retail,L: 51-200,99,MQL,2024-09-16,LinkedIn,Heather Orr
35,2024-05-06,Referral,Retail,L: 51-200,54,Lead,2024-11-15,WhatsApp,Mandy Dawson
36,2025-05-24,Email Campaign,FinTech,L: 51-200,69,Customer,2024-11-22,Email,Danielle Garcia
37,2024-12-05,Referral,EdTech,L: 51-200,22,Customer,2024-05-06,Email,Katherine Frazier
38,2025-03-19,Referral,FinTech,M: 11-50,33,SQL,2024-10-01,WhatsApp,Alicia Payne
39,2025-04-19,LinkedIn,FinTech,L: 51-200,73,Lead,2024-11-23,LinkedIn,Kevin Reese
40,2024-10-19,LinkedIn,HealthTech,S: 1-10,92,SQL,2024-05-04,Email,Mike Kidd
41,2024-11-08,Email Campaign,HealthTech,M: 11-50,90,Customer,2024-02-14,WhatsApp,David Valdez
42,2024-07-02,Referral,Logistics,L: 51-200,83,MQL,2024-07-15,Call,Joseph Brown
43,2024-04-11,Facebook,EdTech,M: 11-50,65,Customer,2025-03-28,Call,David Anderson
44,2024-03-04,LinkedIn,Retail,M: 11-50,43,Customer,2024-11-30,LinkedIn,John Ramos
45,2024-01-09,Email Campaign,Consulting,S: 1-10,64,MQL,2024-10-07,Email,Kimberly Byrd
46,2025-03-27,Facebook,Logistics,S: 1-10,74,MQL,2024-08-05,LinkedIn,Angela Bell
47,2024-06-11,Facebook,EdTech,L: 51-200,78,Customer,2024-04-10,LinkedIn,Bradley Harris
48,2024-11-04,LinkedIn,HealthTech,L: 51-200,74,Customer,2024-03-20,WhatsApp,Clifford Campos MD
49,2024-07-01,Email Campaign,Consulting,L: 51-200,30,MQL,2024-03-04,LinkedIn,Donald Pearson
50,2024-02-11,Facebook,Logistics,L: 51-200,87,MQL,2025-04-21,Call,Evelyn Thomas
51,2025-02-23,Email Campaign,Logistics,S: 1-10,30,Lead,2024-02-21,WhatsApp,Clifford Davidson
52,2025-03-31,LinkedIn,EdTech,M: 11-50,40,Lead,2024-09-14,WhatsApp,Thomas Johnson
53,2024-07-02,LinkedIn,FinTech,L: 51-200,98,Customer,2024-11-21,Call,Scott Weaver
54,2024-07-26,Email Campaign,HealthTech,S: 1-10,27,MQL,2025-05-02,Call,Alexis Reed
55,2025-06-29,Email Campaign,EdTech,L: 51-200,78,Lead,2024-04-02,WhatsApp,Benjamin Ray
56,2024-12-28,Referral,HealthTech,S: 1-10,28,Lead,2025-03-23,LinkedIn,Taylor Haas
57,2024-04-10,LinkedIn,Logistics,L: 51-200,54,SQL,2025-02-06,WhatsApp,Jennifer Espinoza
58,2024-08-08,LinkedIn,EdTech,S: 1-10,46,Lead,2025-02-14,LinkedIn,Brian Davis
59,2024-01-25,Email Campaign,Logistics,L: 51-200,86,Lead,2024-04-25,Email,Matthew Davis
60,2024-11-20,Facebook,Retail,L: 51-200,93,Customer,2024-11-11,LinkedIn,Howard Anderson
61,2024-01-07,LinkedIn,Consulting,M: 11-50,32,MQL,2025-05-04,Call,Matthew Francis
62,2025-01-05,Facebook,Logistics,L: 51-200,85,Customer,2024-10-01,Call,Michelle Ortiz
63,2024-04-19,Email Campaign,HealthTech,S: 1-10,32,Lead,2024-06-05,WhatsApp,Paige Shields
64,2024-02-16,LinkedIn,EdTech,S: 1-10,33,Lead,2025-05-03,Email,Christopher Smith
65,2024-04-15,Referral,EdTech,M: 11-50,85,Customer,2025-05-20,Email,Tammy Cobb
66,2025-04-22,Email Campaign,FinTech,L: 51-200,56,Customer,2024-01-22,LinkedIn,Brandi Schultz
67,2024-11-21,Facebook,Retail,M: 11-50,41,Lead,2024-05-18,WhatsApp,Audrey Elliott
68,2024-03-22,Email Campaign,HealthTech,S: 1-10,27,SQL,2024-07-03,Call,Anthony Kim
69,2024-05-03,Referral,Consulting,M: 11-50,39,Customer,2025-01-22,Email,Danielle Price
70,2024-02-17,Facebook,Consulting,M: 11-50,69,Customer,2024-11-03,WhatsApp,Tracy Martinez
71,2024-11-18,LinkedIn,EdTech,M: 11-50,96,Lead,2024-06-05,Call,Mark Williams
72,2025-05-03,LinkedIn,Retail,M: 11-50,99,Customer,2024-10-31,Email,Emily Sheppard
73,2024-01-28,Referral,EdTech,M: 11-50,52,MQL,2024-06-28,LinkedIn,Renee Lamb
74,2024-01-05,Referral,Logistics,M: 11-50,91,Lead,2024-06-18,WhatsApp,Logan Medina
75,2024-05-20,Referral,Logistics,M: 11-50,99,MQL,2024-10-17,WhatsApp,Kimberly Hill
76,2025-02-16,Facebook,EdTech,L: 51-200,16,MQL,2025-03-09,WhatsApp,Laura Cherry
77,2024-10-22,Email Campaign,HealthTech,S: 1-10,65,Customer,2025-02-06,LinkedIn,Benjamin Hernandez
78,2025-05-16,Referral,Retail,L: 51-200,46,MQL,2024-10-29,Call,Alicia Mcknight
79,2024-09-23,Facebook,Logistics,L: 51-200,96,Lead,2024-08-30,Email,Geoffrey Hanna
80,2024-01-30,Referral,Consulting,S: 1-10,44,Lead,2025-01-25,LinkedIn,Paul Stafford
81,2024-10-25,Referral,Consulting,M: 11-50,89,SQL,2024-02-05,Email,Christina Bailey
82,2024-09-05,Facebook,HealthTech,L: 51-200,61,Customer,2024-06-22,LinkedIn,Dana Martinez DVM
83,2024-06-28,Email Campaign,HealthTech,L: 51-200,15,SQL,2025-03-12,Email,Danielle Walters
84,2025-06-29,Facebook,EdTech,L: 51-200,30,Lead,2024-04-15,LinkedIn,Troy Santos
85,2024-06-20,Email Campaign,HealthTech,S: 1-10,43,Customer,2024-06-02,WhatsApp,Christopher Alexander
86,2025-04-15,Email Campaign,Retail,S: 1-10,25,MQL,2025-06-25,Call,Roy Bryant
87,2024-01-16,LinkedIn,HealthTech,M: 11-50,33,Lead,2024-02-27,WhatsApp,Patricia George
88,2025-03-29,Email Campaign,EdTech,L: 51-200,10,Customer,2024-09-14,Call,Dawn Erickson
89,2025-04-30,LinkedIn,Retail,M: 11-50,19,Lead,2024-02-17,LinkedIn,Katrina George
90,2024-02-03,Referral,EdTech,M: 11-50,10,Customer,2024-11-14,WhatsApp,Lynn Pennington
91,2024-12-21,Email Campaign,EdTech,S: 1-10,68,Customer,2025-02-20,LinkedIn,Jose Burgess
92,2024-03-28,LinkedIn,Consulting,L: 51-200,58,Customer,2025-05-20,LinkedIn,Amanda Barnes
93,2025-03-12,Referral,HealthTech,L: 51-200,89,MQL,2025-05-25,LinkedIn,Brian Harding
94,2024-06-27,Email Campaign,HealthTech,L: 51-200,14,SQL,2024-05-09,LinkedIn,Julie Barnes
95,2024-09-29,Facebook,EdTech,L: 51-200,17,MQL,2024-01-15,WhatsApp,Cassidy Dunn
96,2024-08-10,Email Campaign,FinTech,M: 11-50,91,Customer,2024-06-18,Call,Vanessa Ford
97,2024-11-14,Email Campaign,Logistics,M: 11-50,30,MQL,2024-06-21,Email,Caroline Miller
98,2025-06-08,Referral,FinTech,M: 11-50,44,MQL,2025-04-20,Call,Julie Avery
99,2024-11-07,Referral,EdTech,M: 11-50,91,Lead,2025-02-10,WhatsApp,Kristin Mcdaniel
100,2025-01-26,LinkedIn,Consulting,L: 51-200,32,SQL,2025-06-07,Email,Tiffany Hull
101,2024-11-23,Referral,Consulting,M: 11-50,67,MQL,2024-02-23,Call,Jacob Brown
102,2024-04-18,Facebook,Consulting,L: 51-200,92,SQL,2025-02-27,LinkedIn,Stacey Ramirez
103,2024-07-04,LinkedIn,Logistics,L: 51-200,61,MQL,2025-05-14,Call,Christopher Collins
104,2025-04-04,LinkedIn,Consulting,M: 11-50,32,SQL,2024-04-20,LinkedIn,Monica Bishop
105,2024-03-26,Referral,HealthTech,S: 1-10,26,Lead,2025-04-20,LinkedIn,Richard Little
106,2024-06-05,Facebook,Retail,L: 51-200,87,MQL,2025-06-29,WhatsApp,Patricia Ferrell
107,2025-02-13,LinkedIn,Logistics,L: 51-200,73,SQL,2024-11-25,LinkedIn,Jennifer Nguyen
108,2024-12-13,Referral,EdTech,M: 11-50,70,MQL,2024-09-15,WhatsApp,Robert Murphy
109,2024-01-16,Facebook,Consulting,S: 1-10,22,SQL,2024-09-12,WhatsApp,Richard Cooper
110,2025-03-31,Referral,Retail,S: 1-10,12,SQL,2024-03-05,LinkedIn,Cristina Dyer
111,2025-03-29,Facebook,EdTech,M: 11-50,59,SQL,2024-10-20,Call,Eric Lambert
112,2024-09-27,Facebook,EdTech,L: 51-200,49,SQL,2024-04-20,Call,Michael Robinson
113,2025-05-12,LinkedIn,Logistics,L: 51-200,55,MQL,2025-06-09,LinkedIn,Melinda Obrien
114,2024-10-10,Email Campaign,HealthTech,S: 1-10,82,Customer,2024-12-13,Call,Jeremy Lewis
115,2024-12-31,LinkedIn,EdTech,M: 11-50,58,MQL,2024-08-17,Call,James Andrews
116,2024-02-20,Referral,EdTech,M: 11-50,40,SQL,2024-12-25,LinkedIn,David Mejia
117,2024-03-22,LinkedIn,Logistics,L: 51-200,57,MQL,2024-12-03,LinkedIn,Hunter Andrade
118,2025-06-27,Referral,Logistics,S: 1-10,61,Customer,2024-10-24,Email,Justin Tyler
119,2024-02-28,Email Campaign,Logistics,M: 11-50,44,Lead,2024-11-05,WhatsApp,Hannah Young
120,2024-03-26,LinkedIn,FinTech,S: 1-10,48,SQL,2024-07-08,Email,Holly Christian
121,2025-04-15,LinkedIn,FinTech,S: 1-10,20,MQL,2024-07-13,Email,Hannah Rodriguez
122,2025-03-24,Referral,HealthTech,L: 51-200,42,Lead,2024-11-05,LinkedIn,Michael Vance
123,2024-03-05,Email Campaign,HealthTech,S: 1-10,59,SQL,2024-03-06,Call,Anthony Frazier
124,2024-08-03,Email Campaign,Logistics,S: 1-10,49,MQL,2024-04-16,LinkedIn,Danny Combs
125,2024-09-03,Facebook,FinTech,L: 51-200,32,MQL,2024-08-02,LinkedIn,Jessica May
126,2024-12-29,Referral,FinTech,M: 11-50,33,Customer,2024-05-09,LinkedIn,Sandra Collins
127,2024-08-30,Email Campaign,FinTech,L: 51-200,91,Lead,2025-02-26,LinkedIn,Kristin Brown
128,2024-08-29,Facebook,Logistics,M: 11-50,52,MQL,2024-10-03,LinkedIn,Victoria Thompson
129,2024-08-12,Referral,EdTech,M: 11-50,49,Customer,2024-06-08,Email,Mr. Joseph Bell
130,2025-05-22,Email Campaign,Retail,S: 1-10,99,SQL,2024-08-01,Email,Leslie Hansen
131,2025-05-15,LinkedIn,Logistics,M: 11-50,20,MQL,2025-05-03,LinkedIn,Bryan Gutierrez
132,2025-01-08,Facebook,EdTech,S: 1-10,25,Customer,2024-04-03,Call,Susan Harper
133,2024-03-09,Referral,Logistics,S: 1-10,85,MQL,2024-07-07,LinkedIn,Darrell Ramsey
134,2024-11-18,Referral,FinTech,S: 1-10,17,Customer,2024-07-22,WhatsApp,Theresa Schroeder
135,2024-11-04,Referral,Consulting,S: 1-10,11,SQL,2025-04-29,Call,Michael Murray
136,2024-10-17,Facebook,Retail,M: 11-50,78,Lead,2025-02-03,LinkedIn,Cindy Shah
137,2024-02-19,Referral,HealthTech,L: 51-200,41,MQL,2024-12-19,Call,Erika Oneill
138,2024-10-27,LinkedIn,Consulting,M: 11-50,56,Customer,2024-06-14,Email,Evan Mayo
139,2024-01-04,Email Campaign,Consulting,M: 11-50,46,SQL,2024-07-09,LinkedIn,Linda Rivers
140,2024-08-23,LinkedIn,EdTech,L: 51-200,54,Customer,2024-04-20,LinkedIn,April Wade
141,2024-06-12,LinkedIn,HealthTech,S: 1-10,24,MQL,2024-07-05,Call,Brittany Ho
142,2024-01-20,Facebook,Retail,S: 1-10,28,SQL,2024-11-26,Email,Daniel Anderson
143,2024-02-21,Facebook,FinTech,L: 51-200,41,MQL,2024-08-19,Email,Luis Harrison
144,2025-01-13,Referral,HealthTech,M: 11-50,27,Lead,2025-06-29,LinkedIn,Tony Palmer
145,2025-03-23,Facebook,EdTech,S: 1-10,69,Lead,2024-03-18,LinkedIn,Megan Ingram
146,2025-02-26,Referral,FinTech,S: 1-10,73,MQL,2025-03-07,WhatsApp,Michelle Steele
147,2024-12-10,Facebook,HealthTech,S: 1-10,19,SQL,2025-02-06,LinkedIn,Michael Mcdowell
148,2024-07-29,LinkedIn,Retail,S: 1-10,25,MQL,2025-01-24,WhatsApp,Mary Graves
149,2024-08-14,LinkedIn,Retail,L: 51-200,10,Customer,2025-05-05,WhatsApp,Shirley Smith
150,2024-09-21,Facebook,Logistics,L: 51-200,55,MQL,2025-05-17,WhatsApp,Lauren Parker
151,2025-05-13,LinkedIn,Consulting,M: 11-50,17,Customer,2025-01-07,Call,Jeffrey Palmer
152,2025-03-05,Email Campaign,EdTech,M: 11-50,78,Customer,2024-06-16,Email,Ricardo Sharp
153,2024-01-25,Facebook,Retail,L: 51-200,25,MQL,2024-04-08,WhatsApp,Shannon Morris
154,2025-02-13,Referral,EdTech,S: 1-10,66,Lead,2025-02-08,Call,Nicholas Gutierrez
155,2025-05-07,Referral,Retail,L: 51-200,63,Customer,2025-05-05,WhatsApp,Barbara Short
156,2024-08-21,Email Campaign,FinTech,S: 1-10,81,Customer,2024-07-04,LinkedIn,Lisa Weber
157,2024-12-23,Email Campaign,Consulting,S: 1-10,75,Lead,2025-04-01,WhatsApp,Raymond Smith
158,2024-04-10,LinkedIn,FinTech,S: 1-10,48,Lead,2025-03-04,LinkedIn,Phillip Fisher
159,2025-05-28,Referral,HealthTech,L: 51-200,45,Lead,2025-03-18,WhatsApp,Kyle Campbell
160,2025-06-19,LinkedIn,HealthTech,M: 11-50,47,Lead,2025-06-21,LinkedIn,James Bridges
161,2024-07-12,Email Campaign,Logistics,L: 51-200,47,Customer,2025-04-11,LinkedIn,Kenneth Hernandez
162,2025-04-20,Facebook,Retail,L: 51-200,30,Customer,2025-01-23,WhatsApp,Vickie Thomas
163,2025-01-21,LinkedIn,Consulting,S: 1-10,65,MQL,2024-04-27,LinkedIn,Melinda Robertson
164,2025-01-27,Email Campaign,Logistics,M: 11-50,66,Lead,2024-12-14,Email,Lance Aguirre
165,2025-06-20,Referral,Retail,M: 11-50,14,Customer,2025-01-22,Call,Sheila Maldonado
166,2024-02-27,Facebook,FinTech,M: 11-50,72,MQL,2025-02-14,Email,Jeffrey Martinez
167,2024-02-12,Email Campaign,Retail,M: 11-50,11,Customer,2024-07-12,LinkedIn,Jeffrey Dawson
168,2025-05-14,Email Campaign,Consulting,M: 11-50,19,Lead,2024-03-31,Email,Kaitlin Stuart
169,2024-11-24,Referral,Retail,M: 11-50,82,MQL,2025-06-12,Email,Jennifer Bishop
170,2024-07-23,LinkedIn,HealthTech,S: 1-10,70,MQL,2024-04-22,Email,Lindsey Knight
171,2024-01-10,LinkedIn,FinTech,S: 1-10,37,Customer,2025-05-02,LinkedIn,Erica Hall
172,2024-04-11,Referral,FinTech,L: 51-200,70,Lead,2025-05-25,Call,Pam Moran
173,2025-02-03,Referral,HealthTech,S: 1-10,12,Customer,2024-12-09,WhatsApp,Matthew Parrish
174,2024-09-03,Email Campaign,FinTech,M: 11-50,49,MQL,2024-04-27,Call,Daniel Mcneil
175,2025-04-17,Referral,Logistics,L: 51-200,95,MQL,2024-01-13,Call,Anne Baker
176,2024-01-15,Facebook,Consulting,M: 11-50,81,SQL,2024-06-17,WhatsApp,Mia Marshall
177,2024-04-02,Facebook,EdTech,L: 51-200,100,SQL,2024-07-11,LinkedIn,Stephanie Powell
178,2024-10-21,Referral,EdTech,L: 51-200,83,MQL,2024-04-13,Email,Troy Parker
179,2025-05-09,Referral,EdTech,L: 51-200,85,SQL,2024-03-07,WhatsApp,Dr. Julia Martinez
180,2025-04-07,Referral,Logistics,L: 51-200,81,Customer,2024-10-05,Call,Kimberly Garrett
181,2025-06-10,LinkedIn,FinTech,M: 11-50,57,Customer,2025-03-03,WhatsApp,Catherine Frazier
182,2024-05-22,Referral,HealthTech,S: 1-10,45,SQL,2024-01-30,Email,Robert Gibson
183,2025-03-29,Referral,Logistics,S: 1-10,100,SQL,2025-03-01,Email,Anthony Wright
184,2024-07-12,Email Campaign,FinTech,L: 51-200,24,Lead,2024-01-16,LinkedIn,Alicia Wu
185,2025-03-11,Referral,Logistics,M: 11-50,38,Lead,2024-06-30,Email,Joseph Kline
186,2024-02-18,LinkedIn,HealthTech,M: 11-50,17,MQL,2024-07-12,WhatsApp,Tiffany Obrien
187,2024-09-15,Referral,Retail,L: 51-200,65,SQL,2025-03-20,LinkedIn,Brittany Mclaughlin
188,2024-09-22,LinkedIn,FinTech,L: 51-200,56,Lead,2024-12-10,LinkedIn,Christine Santos
189,2024-07-24,Facebook,HealthTech,S: 1-10,49,SQL,2024-09-28,Email,Andre Garcia
190,2025-01-12,Facebook,Consulting,S: 1-10,46,Lead,2025-04-17,Call,Willie Davis
191,2024-05-01,LinkedIn,FinTech,S: 1-10,53,Customer,2025-02-14,WhatsApp,Darrell Chapman
192,2025-03-27,Facebook,FinTech,S: 1-10,34,Lead,2025-04-14,LinkedIn,Kevin Krause
193,2025-02-15,Email Campaign,Retail,L: 51-200,25,SQL,2025-03-01,Call,John Bonilla
194,2024-12-05,Email Campaign,HealthTech,L: 51-200,66,Customer,2024-04-26,Email,Travis Alvarez
195,2025-04-22,Referral,Consulting,M: 11-50,100,Customer,2024-04-27,Email,Molly Melton DVM
196,2025-06-07,Referral,Consulting,M: 11-50,72,MQL,2024-01-16,Email,Alison Hall
197,2024-01-12,Facebook,HealthTech,L: 51-200,55,SQL,2024-06-08,Email,Scott Duran
198,2024-05-29,Email Campaign,EdTech,M: 11-50,50,SQL,2024-07-01,WhatsApp,Christine Joyce
199,2025-02-09,LinkedIn,Retail,S: 1-10,69,Customer,2025-06-07,LinkedIn,David Williams
200,2024-09-16,Referral,FinTech,L: 51-200,69,Customer,2024-09-23,WhatsApp,Shannon Wall
201,2025-02-03,Email Campaign,FinTech,M: 11-50,24,SQL,2024-05-30,WhatsApp,Suzanne Reed
202,2024-12-13,Facebook,Retail,M: 11-50,60,Customer,2024-12-26,Call,Bethany Wallace
203,2025-04-02,Email Campaign,HealthTech,M: 11-50,59,Customer,2024-10-11,WhatsApp,Anthony Wyatt
204,2024-10-02,Email Campaign,Consulting,L: 51-200,53,SQL,2024-04-28,Email,Jack Johns
205,2025-01-24,LinkedIn,Consulting,S: 1-10,20,Lead,2024-10-27,Email,Mrs. Debra Pearson
206,2024-08-24,Facebook,Logistics,L: 51-200,40,MQL,2025-02-16,Call,Colleen Butler
207,2025-04-03,LinkedIn,EdTech,S: 1-10,92,Customer,2025-05-07,WhatsApp,Eric Bell
208,2024-10-16,Referral,Logistics,L: 51-200,85,Lead,2024-01-30,LinkedIn,Connie Gray
209,2024-10-18,Facebook,Consulting,M: 11-50,68,MQL,2024-01-01,WhatsApp,Katherine Cervantes
210,2025-02-01,LinkedIn,Retail,S: 1-10,82,Customer,2024-04-05,LinkedIn,Courtney Miller
211,2024-07-16,Referral,Logistics,M: 11-50,95,MQL,2024-02-29,Call,Teresa Clark
212,2025-01-24,LinkedIn,Consulting,S: 1-10,39,Lead,2025-01-19,Email,Joy Lopez
213,2024-04-23,Facebook,Consulting,L: 51-200,82,Customer,2025-01-06,LinkedIn,Daniel Alvarado
214,2024-07-03,Email Campaign,FinTech,S: 1-10,74,Customer,2024-12-11,Call,Lisa Williams
215,2024-08-16,LinkedIn,Logistics,M: 11-50,11,MQL,2024-11-20,Call,Jennifer Jones
216,2024-06-10,Email Campaign,Retail,S: 1-10,30,SQL,2024-08-30,Call,Deborah Wang
217,2024-03-13,LinkedIn,EdTech,L: 51-200,30,SQL,2024-05-31,LinkedIn,Eugene Conley
218,2025-04-01,LinkedIn,EdTech,L: 51-200,94,Customer,2024-04-27,Email,Andrew Martinez
219,2025-01-03,Referral,Consulting,L: 51-200,30,Lead,2024-08-24,LinkedIn,Albert Thompson
220,2024-09-08,Facebook,HealthTech,M: 11-50,23,MQL,2024-04-06,LinkedIn,Michael Schmidt
221,2025-04-11,Facebook,Consulting,L: 51-200,66,MQL,2024-04-04,Email,Isaac Cochran
222,2024-10-02,Facebook,EdTech,S: 1-10,59,Lead,2024-01-04,Email,Cindy Manning
223,2024-02-02,Email Campaign,Consulting,M: 11-50,17,SQL,2024-08-17,LinkedIn,Adrian Anderson
224,2024-11-18,Referral,FinTech,S: 1-10,58,MQL,2024-09-29,LinkedIn,Tyler Mills
225,2024-02-25,Facebook,FinTech,M: 11-50,53,MQL,2024-10-24,Call,Christie Moore
226,2024-12-01,Referral,Retail,S: 1-10,49,MQL,2024-12-23,Call,Jacob Tucker
227,2024-04-11,LinkedIn,HealthTech,M: 11-50,60,SQL,2024-01-05,Email,Roger Oconnell
228,2025-05-05,Email Campaign,HealthTech,S: 1-10,34,MQL,2024-04-22,Call,Tonya Parker
229,2024-06-25,Referral,Logistics,L: 51-200,73,MQL,2025-02-09,Call,Cathy Frazier
230,2024-01-16,Email Campaign,Consulting,S: 1-10,99,Lead,2024-10-21,WhatsApp,Daniel Hensley
231,2024-08-13,Referral,EdTech,L: 51-200,95,SQL,2024-10-18,WhatsApp,Jacqueline Williams
232,2024-06-01,Facebook,FinTech,M: 11-50,73,Customer,2025-03-06,Call,Anna Robinson
233,2024-08-24,Facebook,Consulting,S: 1-10,44,Lead,2024-07-06,LinkedIn,Julie Hall
234,2024-04-15,Email Campaign,EdTech,S: 1-10,12,Lead,2025-04-28,WhatsApp,Andrea Estrada
235,2024-04-02,Email Campaign,Consulting,M: 11-50,34,MQL,2025-05-04,Email,Elizabeth Turner
236,2024-08-20,Facebook,EdTech,L: 51-200,59,Lead,2024-11-08,WhatsApp,Amy Higgins
237,2024-03-14,Referral,HealthTech,S: 1-10,25,Customer,2024-11-04,WhatsApp,Angela Peters
238,2025-06-30,Email Campaign,Retail,L: 51-200,44,Customer,2024-12-06,LinkedIn,Andrew Cooper
239,2024-06-22,Referral,Retail,L: 51-200,93,MQL,2024-04-19,Call,Lawrence Thompson
240,2024-12-26,Email Campaign,Retail,M: 11-50,76,MQL,2024-05-14,Email,Christopher Lopez
241,2024-08-23,Email Campaign,FinTech,S: 1-10,38,Lead,2025-03-28,LinkedIn,Elizabeth Hicks
242,2024-08-20,Email Campaign,EdTech,L: 51-200,56,Customer,2025-06-21,Call,Jeremy Mccoy
243,2024-03-13,Email Campaign,HealthTech,L: 51-200,31,MQL,2025-03-18,WhatsApp,Paul Lyons
244,2025-04-27,LinkedIn,EdTech,S: 1-10,92,MQL,2025-03-31,WhatsApp,Jacqueline Andrade
245,2025-01-05,Referral,Logistics,L: 51-200,60,Lead,2024-02-12,WhatsApp,Carla Berry MD
246,2024-10-10,Referral,Consulting,S: 1-10,69,Lead,2024-11-12,WhatsApp,Andrea Barry
247,2024-12-12,LinkedIn,HealthTech,L: 51-200,12,MQL,2025-03-22,Email,James Johnson
248,2024-12-16,LinkedIn,FinTech,L: 51-200,23,Lead,2024-11-08,Email,Mr. Jeremy Fisher
249,2024-08-16,LinkedIn,FinTech,M: 11-50,30,Customer,2024-06-14,WhatsApp,Valerie Oneill
250,2025-02-09,Referral,EdTech,L: 51-200,45,Lead,2025-06-19,LinkedIn,Michael Mahoney
251,2025-06-12,LinkedIn,FinTech,S: 1-10,28,MQL,2025-05-18,WhatsApp,Barbara Ramirez
252,2024-02-23,Email Campaign,FinTech,S: 1-10,71,SQL,2025-05-23,LinkedIn,Elizabeth Black
253,2025-03-29,LinkedIn,EdTech,L: 51-200,18,MQL,2024-02-01,WhatsApp,Aaron Burns
254,2025-03-20,Referral,EdTech,S: 1-10,36,Customer,2024-04-08,Email,Tammy Bates
255,2024-09-24,Email Campaign,HealthTech,S: 1-10,20,Lead,2025-04-21,WhatsApp,Daniel Riley
256,2024-01-07,Email Campaign,FinTech,M: 11-50,88,MQL,2024-06-13,Call,Jeremy Nash
257,2024-02-10,LinkedIn,HealthTech,M: 11-50,24,MQL,2024-07-26,Call,Sabrina Brown
258,2025-03-23,Facebook,Consulting,L: 51-200,82,Customer,2024-04-21,LinkedIn,Aimee Wilson
259,2024-05-06,Facebook,EdTech,S: 1-10,12,Customer,2024-02-16,WhatsApp,Jerry Marshall MD
260,2025-02-16,Referral,FinTech,M: 11-50,18,MQL,2024-12-09,LinkedIn,Rebecca Lewis
261,2024-11-11,Referral,Retail,L: 51-200,47,SQL,2025-05-24,Call,Rachael Mueller
262,2024-10-07,Referral,EdTech,M: 11-50,93,Lead,2024-05-21,WhatsApp,Nancy Gross
263,2024-06-17,Email Campaign,EdTech,L: 51-200,54,MQL,2025-03-13,Call,Henry Miller
264,2024-09-27,Referral,FinTech,L: 51-200,66,Lead,2024-05-28,WhatsApp,Erika Moore
265,2024-04-07,Email Campaign,HealthTech,S: 1-10,85,Lead,2024-03-18,LinkedIn,Brittany Simpson
266,2025-01-13,Facebook,Consulting,L: 51-200,12,Lead,2024-01-05,WhatsApp,Matthew Blair
267,2024-10-04,Referral,Retail,M: 11-50,54,Customer,2025-04-14,Email,Elizabeth Garcia
268,2024-09-27,Email Campaign,Logistics,M: 11-50,61,MQL,2025-03-08,WhatsApp,Mark Lucas
269,2024-10-25,Referral,HealthTech,S: 1-10,81,MQL,2024-02-11,Call,Alexander Dougherty
270,2024-01-08,Facebook,EdTech,S: 1-10,52,MQL,2024-11-19,Call,Todd Nelson
271,2025-05-28,Email Campaign,EdTech,S: 1-10,46,MQL,2024-03-21,Call,Diane Knapp
272,2024-09-13,Facebook,HealthTech,L: 51-200,54,Lead,2024-04-17,LinkedIn,Jorge Schneider
273,2025-02-04,Facebook,Retail,S: 1-10,100,SQL,2025-01-30,Email,Jasmine Hernandez
274,2025-02-10,Email Campaign,Retail,S: 1-10,88,Customer,2024-11-07,Call,Rachel Meadows
275,2025-04-20,Referral,EdTech,S: 1-10,84,SQL,2024-07-30,Call,Hannah Rodriguez
276,2024-04-05,Email Campaign,HealthTech,L: 51-200,35,Customer,2024-03-14,Call,Ashley Maldonado
277,2024-07-02,Facebook,EdTech,M: 11-50,34,SQL,2024-09-01,WhatsApp,Denise Thomas
278,2024-11-06,Referral,Retail,S: 1-10,44,SQL,2025-04-30,WhatsApp,Jacob Sullivan
279,2025-01-13,Facebook,HealthTech,S: 1-10,53,SQL,2024-12-25,WhatsApp,Robin Jackson
280,2024-11-09,Email Campaign,FinTech,S: 1-10,11,Customer,2024-03-20,Email,Philip Miller
281,2024-02-16,Email Campaign,FinTech,M: 11-50,77,MQL,2025-01-18,Email,Cynthia Russell
282,2024-03-12,Email Campaign,Retail,L: 51-200,22,Customer,2024-09-27,Call,Maria Tran
283,2024-08-26,Referral,HealthTech,M: 11-50,87,MQL,2024-02-16,Email,Jenny Erickson
284,2025-02-23,Referral,Logistics,M: 11-50,53,Customer,2025-04-16,LinkedIn,Diana Velez
285,2024-05-03,Email Campaign,Consulting,L: 51-200,38,MQL,2024-08-11,Call,Kevin Taylor
286,2024-02-16,Referral,HealthTech,M: 11-50,78,Lead,2025-06-10,WhatsApp,Michael Wheeler
287,2024-03-22,Referral,EdTech,M: 11-50,39,SQL,2024-07-14,Call,Kimberly Gilmore
288,2024-03-24,LinkedIn,Consulting,L: 51-200,44,MQL,2024-11-03,WhatsApp,Cathy Hernandez
289,2025-06-08,Email Campaign,FinTech,L: 51-200,91,SQL,2024-05-29,LinkedIn,Ann Wilkins
290,2024-12-26,Email Campaign,FinTech,S: 1-10,66,Customer,2024-08-24,WhatsApp,Lisa Fields MD
291,2024-06-20,Referral,Logistics,M: 11-50,43,Customer,2025-05-28,Email,Brendan Calderon
292,2025-06-06,Referral,HealthTech,L: 51-200,18,MQL,2025-04-20,Email,Ryan King
293,2024-11-03,Referral,HealthTech,M: 11-50,31,MQL,2024-02-05,Email,Regina Lee
294,2024-03-10,LinkedIn,Retail,M: 11-50,59,Lead,2024-08-04,LinkedIn,David Cabrera
295,2024-01-24,Email Campaign,FinTech,L: 51-200,27,SQL,2024-06-18,WhatsApp,Richard Walker
296,2024-04-29,LinkedIn,FinTech,M: 11-50,77,SQL,2024-03-13,Email,Kelly Mcguire
297,2024-09-01,Facebook,Logistics,M: 11-50,42,SQL,2024-12-05,Email,Deborah Rocha
298,2025-03-21,LinkedIn,Consulting,S: 1-10,93,SQL,2024-11-11,WhatsApp,Patricia Howard
299,2025-03-15,Email Campaign,HealthTech,M: 11-50,92,MQL,2025-03-19,LinkedIn,Miguel Ortega
300,2024-08-18,LinkedIn,HealthTech,M: 11-50,22,Customer,2025-06-28,Email,Christian Smith
301,2024-03-15,LinkedIn,Retail,S: 1-10,43,MQL,2024-01-04,Call,Jennifer Morgan
302,2024-05-14,Referral,FinTech,M: 11-50,38,MQL,2024-06-18,Call,Alicia Thompson
303,2024-12-23,Facebook,Retail,S: 1-10,39,Customer,2024-07-11,Email,Jessica Jones
304,2025-03-03,Referral,Logistics,S: 1-10,54,Lead,2024-04-05,Email,Johnny Franco
305,2024-06-29,LinkedIn,FinTech,L: 51-200,37,Lead,2024-05-08,Email,Gregory Farmer
306,2024-03-28,Email Campaign,HealthTech,M: 11-50,11,MQL,2024-04-20,Call,Thomas Gross MD
307,2024-06-01,LinkedIn,Logistics,M: 11-50,26,Lead,2025-03-05,Email,Sarah Mcclain
308,2024-09-22,Referral,FinTech,M: 11-50,58,Customer,2024-01-26,LinkedIn,Kathy Herrera
309,2024-09-09,Referral,Logistics,S: 1-10,57,SQL,2025-06-29,Call,Lisa Davis
310,2024-02-17,Referral,FinTech,S: 1-10,95,SQL,2024-02-19,Call,Mrs. Nancy Hernandez
311,2024-03-12,Facebook,EdTech,M: 11-50,84,Lead,2024-03-31,Email,Amanda Barron
312,2024-12-19,Email Campaign,Logistics,S: 1-10,56,Customer,2024-10-25,Email,Benjamin Krueger
313,2025-04-20,Referral,FinTech,M: 11-50,83,SQL,2025-01-27,LinkedIn,Molly Lucero
314,2024-10-31,Referral,Consulting,S: 1-10,74,SQL,2024-10-11,Call,Roy Ellis
315,2025-04-01,Referral,Retail,L: 51-200,89,Lead,2024-03-02,LinkedIn,Jasmine Bell
316,2025-01-12,Referral,HealthTech,M: 11-50,98,Customer,2024-03-24,LinkedIn,Erica Reese
317,2024-11-30,Facebook,Logistics,S: 1-10,17,Lead,2024-06-29,Email,Tara Medina
318,2024-09-21,Referral,EdTech,M: 11-50,41,Lead,2024-06-14,Call,William West
319,2024-05-27,Facebook,Logistics,M: 11-50,36,Customer,2025-03-17,LinkedIn,Alexa Cooper
320,2024-04-03,Email Campaign,Logistics,M: 11-50,38,MQL,2024-06-28,Call,Angela Alexander
321,2024-03-24,Email Campaign,Retail,M: 11-50,25,Lead,2024-06-30,WhatsApp,Christopher Grant
322,2025-06-12,Email Campaign,Retail,M: 11-50,88,MQL,2024-09-25,WhatsApp,Jennifer Harris
323,2024-09-19,Facebook,Retail,M: 11-50,32,Customer,2025-05-11,Email,Stacy Dunlap
324,2024-05-22,Referral,Logistics,M: 11-50,53,Customer,2024-04-17,WhatsApp,Bryan Hill
325,2024-05-30,Facebook,FinTech,S: 1-10,77,MQL,2025-06-08,LinkedIn,Victoria Jimenez
326,2025-06-30,Email Campaign,Consulting,L: 51-200,45,MQL,2024-11-19,LinkedIn,Jason Velez
327,2025-04-29,LinkedIn,Retail,M: 11-50,84,Customer,2024-10-16,LinkedIn,Rodney Green
328,2025-05-28,LinkedIn,FinTech,M: 11-50,12,MQL,2024-02-04,Email,Stacy White
329,2025-01-25,Facebook,Logistics,L: 51-200,90,Customer,2025-06-10,Call,Chad Garcia
330,2024-05-04,Referral,HealthTech,L: 51-200,91,SQL,2024-10-07,LinkedIn,Jacqueline Green
331,2024-10-15,Facebook,HealthTech,L: 51-200,11,Lead,2024-04-06,Call,Laura Sherman
332,2025-01-12,LinkedIn,FinTech,S: 1-10,66,Lead,2024-04-08,LinkedIn,Katherine Bradford
333,2024-02-29,LinkedIn,Retail,L: 51-200,46,Lead,2024-04-05,LinkedIn,Martha Williams
334,2024-08-26,Facebook,Logistics,M: 11-50,32,MQL,2024-02-27,WhatsApp,Tammy Matthews
335,2025-01-07,LinkedIn,Consulting,S: 1-10,100,MQL,2024-11-12,Call,Elizabeth Norris
336,2024-02-01,Email Campaign,Retail,S: 1-10,91,Customer,2024-12-08,Call,Roger Jensen
337,2025-03-25,LinkedIn,FinTech,M: 11-50,38,MQL,2024-06-04,Email,Carly Christensen
338,2024-09-15,Email Campaign,HealthTech,S: 1-10,63,SQL,2025-04-30,Email,Felicia Washington
339,2024-07-10,LinkedIn,HealthTech,M: 11-50,78,MQL,2024-10-25,WhatsApp,Angela Dillon
340,2024-07-03,Facebook,Logistics,L: 51-200,68,MQL,2024-12-21,Email,Stacey Campbell
341,2025-01-15,Facebook,FinTech,M: 11-50,29,Customer,2025-05-28,WhatsApp,Kenneth Hoffman
342,2025-05-31,Email Campaign,Retail,L: 51-200,30,MQL,2025-05-10,Call,Tyler Simmons
343,2024-04-12,LinkedIn,FinTech,S: 1-10,27,MQL,2024-06-18,WhatsApp,Jeffrey Mcdonald
344,2024-09-28,Referral,EdTech,L: 51-200,64,Customer,2024-11-23,WhatsApp,Beverly Kemp
345,2024-10-16,Referral,EdTech,S: 1-10,28,Lead,2024-11-08,Call,Calvin Zhang
346,2025-04-22,Email Campaign,Consulting,L: 51-200,68,SQL,2024-09-10,Email,Kenneth Maddox
347,2024-03-10,Email Campaign,Logistics,S: 1-10,63,SQL,2024-05-10,Call,Kenneth Ray
348,2024-02-11,Referral,HealthTech,S: 1-10,82,Customer,2024-07-11,LinkedIn,Alison Scott
349,2025-04-12,LinkedIn,Retail,L: 51-200,85,Lead,2025-04-18,LinkedIn,Joseph Martin
350,2024-04-24,Facebook,Consulting,M: 11-50,27,MQL,2024-05-22,Call,Thomas Ballard
351,2024-10-07,Facebook,FinTech,M: 11-50,64,Lead,2025-06-15,LinkedIn,Jean Miller
352,2024-02-09,Email Campaign,EdTech,M: 11-50,22,MQL,2024-02-19,WhatsApp,Sean Madden
353,2025-05-15,LinkedIn,FinTech,S: 1-10,58,SQL,2024-06-10,Email,Bianca Robinson
354,2024-04-24,LinkedIn,Logistics,S: 1-10,64,Customer,2024-06-09,WhatsApp,Linda Wu
355,2025-04-19,Email Campaign,EdTech,L: 51-200,30,SQL,2024-09-07,Call,Michael Nguyen
356,2024-04-18,Referral,Consulting,M: 11-50,46,MQL,2025-01-22,Call,Laura Thompson
357,2024-02-05,Email Campaign,EdTech,L: 51-200,65,Lead,2025-03-01,Call,Joshua Morris
358,2024-07-12,Facebook,Consulting,L: 51-200,81,MQL,2024-10-01,WhatsApp,Miguel Hughes
359,2024-07-03,Facebook,FinTech,S: 1-10,20,Lead,2025-05-19,Call,Thomas Peterson
360,2025-06-30,LinkedIn,Consulting,S: 1-10,20,Lead,2024-06-23,Call,Diane Crawford
361,2025-03-05,Referral,FinTech,M: 11-50,45,SQL,2024-04-20,Call,Holly Erickson
362,2024-02-24,Facebook,Logistics,S: 1-10,46,SQL,2024-07-12,LinkedIn,Derrick Nash
363,2024-11-12,LinkedIn,FinTech,L: 51-200,46,Lead,2025-01-24,Call,Amber Burnett
364,2025-03-02,Facebook,FinTech,L: 51-200,20,Customer,2024-03-30,WhatsApp,Robert Gardner
365,2024-07-17,Referral,Retail,L: 51-200,74,MQL,2024-11-12,WhatsApp,Jessica Barnett
366,2024-01-27,Referral,Retail,L: 51-200,20,SQL,2025-01-06,WhatsApp,Victor Hill MD
367,2025-03-17,Referral,Consulting,S: 1-10,73,Customer,2025-06-27,Email,Jason Boyer
368,2024-01-05,LinkedIn,Logistics,L: 51-200,96,MQL,2024-02-08,Call,Thomas Clark
369,2024-12-23,Referral,Retail,L: 51-200,46,Customer,2024-01-26,LinkedIn,Manuel Green
370,2024-06-16,LinkedIn,FinTech,L: 51-200,65,SQL,2024-01-31,Email,Shawn Johnson
371,2025-01-14,Email Campaign,Retail,L: 51-200,40,Customer,2024-03-29,WhatsApp,Martin Gonzales
372,2025-04-16,LinkedIn,Logistics,M: 11-50,76,SQL,2024-06-06,Call,Dana Patton
373,2025-06-05,Facebook,Logistics,S: 1-10,62,Customer,2024-04-29,WhatsApp,Jason Dickson
374,2024-12-04,LinkedIn,Logistics,L: 51-200,38,MQL,2024-11-08,Email,Michelle Wilson DDS
375,2024-08-21,LinkedIn,Consulting,M: 11-50,19,Customer,2024-01-23,LinkedIn,Edward Clark
376,2024-01-13,Referral,EdTech,L: 51-200,88,MQL,2025-03-11,Email,Sara Martin
377,2024-04-08,LinkedIn,HealthTech,L: 51-200,54,Customer,2024-01-14,Call,Hannah Moran
378,2025-05-17,LinkedIn,EdTech,S: 1-10,82,Lead,2024-03-08,Email,Jill Marshall
379,2025-06-20,Referral,FinTech,M: 11-50,15,Lead,2025-05-29,WhatsApp,Angel Taylor
380,2025-06-11,Facebook,Consulting,L: 51-200,39,Lead,2025-06-25,LinkedIn,Sara Bennett
381,2024-02-24,LinkedIn,HealthTech,L: 51-200,76,MQL,2024-10-17,Call,Kimberly Golden
382,2025-06-05,LinkedIn,Retail,L: 51-200,35,Customer,2025-04-01,Email,Roy Brandt
383,2025-04-05,Referral,HealthTech,M: 11-50,47,Customer,2024-05-31,Call,Felicia Lewis
384,2024-12-08,Referral,FinTech,M: 11-50,58,Customer,2024-05-08,WhatsApp,Robert Maxwell
385,2024-04-14,Facebook,Logistics,L: 51-200,75,Lead,2024-09-10,WhatsApp,Vanessa Barry
386,2025-06-11,Referral,Logistics,S: 1-10,21,Lead,2024-02-09,WhatsApp,Michael Marshall
387,2024-05-30,Email Campaign,FinTech,S: 1-10,78,MQL,2024-05-22,WhatsApp,Jerry Nelson
388,2025-01-30,Referral,HealthTech,M: 11-50,30,Customer,2024-01-25,Call,Alec Thompson
389,2025-04-23,LinkedIn,Retail,L: 51-200,14,MQL,2024-06-20,WhatsApp,Victoria Tucker
390,2025-04-10,LinkedIn,FinTech,S: 1-10,80,SQL,2025-01-08,Call,Joseph Cochran
391,2024-11-10,Facebook,FinTech,M: 11-50,13,SQL,2024-10-23,Email,Richard Smith
392,2024-02-19,Referral,HealthTech,S: 1-10,100,MQL,2025-05-19,Call,Troy Garcia
393,2024-06-01,Facebook,Consulting,L: 51-200,69,SQL,2024-04-22,Email,Tiffany Harris
394,2024-07-10,Referral,HealthTech,S: 1-10,77,Customer,2024-11-07,LinkedIn,Anita Myers
395,2024-01-21,Referral,HealthTech,S: 1-10,63,Lead,2025-06-02,LinkedIn,Kimberly Brown
396,2025-03-08,Referral,HealthTech,L: 51-200,75,MQL,2025-02-11,Email,Shari Bowman
397,2024-10-10,Email Campaign,Retail,M: 11-50,74,SQL,2024-01-11,LinkedIn,Jessica Patel
398,2024-11-13,Referral,HealthTech,L: 51-200,23,SQL,2024-02-10,WhatsApp,Nicole Cole
399,2024-01-18,Email Campaign,Logistics,M: 11-50,22,SQL,2024-03-21,WhatsApp,Charles Wang
400,2024-11-08,Referral,Retail,L: 51-200,88,SQL,2024-04-17,Email,Catherine Morgan
401,2024-03-31,Referral,FinTech,M: 11-50,70,Lead,2025-06-22,Email,Thomas Lewis
402,2024-11-11,Facebook,FinTech,M: 11-50,77,Customer,2024-12-20,Email,Ashley Trevino
403,2024-01-22,LinkedIn,Logistics,S: 1-10,25,Customer,2024-04-08,Email,Thomas Powell
404,2025-06-09,Facebook,FinTech,M: 11-50,46,MQL,2024-03-05,LinkedIn,Joseph King
405,2025-04-16,LinkedIn,HealthTech,L: 51-200,87,MQL,2024-11-21,WhatsApp,Morgan Rodriguez
406,2024-04-01,Referral,HealthTech,L: 51-200,44,SQL,2024-07-31,Email,James Travis
407,2024-03-26,Email Campaign,Consulting,M: 11-50,72,SQL,2024-10-02,Call,Jimmy Phillips
408,2025-03-31,Facebook,FinTech,M: 11-50,81,SQL,2025-01-31,LinkedIn,Matthew Hobbs
409,2024-07-27,LinkedIn,Consulting,L: 51-200,17,Lead,2024-04-16,Call,Jennifer Stanley
410,2024-12-18,Referral,Consulting,M: 11-50,96,SQL,2024-01-15,Call,James Ho
411,2024-10-05,Referral,Logistics,S: 1-10,75,SQL,2025-04-06,Call,Desiree Vincent
412,2024-01-03,Email Campaign,Retail,L: 51-200,98,MQL,2025-04-23,WhatsApp,Jonathan Moore
413,2024-06-08,Facebook,Logistics,M: 11-50,46,MQL,2024-11-12,Email,Nathaniel Fuller
414,2024-12-14,Email Campaign,EdTech,L: 51-200,87,Customer,2024-08-04,LinkedIn,Brenda Morrison
415,2024-04-18,Referral,Logistics,S: 1-10,89,Lead,2025-05-08,Email,Briana Silva
416,2024-04-12,Referral,Retail,L: 51-200,34,MQL,2024-10-06,Email,Paula Lewis
417,2024-09-13,Email Campaign,Consulting,S: 1-10,29,MQL,2025-01-31,Call,Brandon Walton
418,2024-12-02,LinkedIn,Logistics,L: 51-200,48,Lead,2025-05-31,Email,Jerry Smith
419,2024-08-09,LinkedIn,FinTech,L: 51-200,62,MQL,2024-11-15,Email,Kyle Williamson
420,2024-02-23,Referral,EdTech,S: 1-10,17,SQL,2024-02-25,Call,Lisa Reyes
421,2024-12-14,Referral,Retail,M: 11-50,45,MQL,2024-03-28,LinkedIn,Bianca Brock
422,2024-04-10,LinkedIn,Logistics,S: 1-10,52,SQL,2025-01-19,Email,Paula Jackson
423,2024-04-21,LinkedIn,Consulting,S: 1-10,44,SQL,2024-08-07,WhatsApp,Zachary Mcneil
424,2024-09-28,Email Campaign,FinTech,S: 1-10,20,MQL,2025-01-23,Email,Paula Warren
425,2024-07-06,LinkedIn,Consulting,L: 51-200,98,Customer,2024-11-04,LinkedIn,Karina Peterson
426,2024-01-01,Facebook,EdTech,M: 11-50,10,Lead,2025-06-29,LinkedIn,Michael Bennett
427,2024-12-10,Email Campaign,EdTech,L: 51-200,56,Lead,2024-12-31,Call,Christopher Meyer
428,2024-04-29,LinkedIn,EdTech,M: 11-50,56,Customer,2024-07-28,WhatsApp,Julie Armstrong
429,2024-02-10,Facebook,Retail,L: 51-200,97,MQL,2024-08-06,Email,Briana Williams
430,2024-12-29,Facebook,FinTech,M: 11-50,95,SQL,2024-04-15,WhatsApp,Patricia Scott
431,2024-12-09,LinkedIn,Retail,M: 11-50,92,SQL,2024-01-08,Call,Robert Howe
432,2024-08-09,Referral,Consulting,M: 11-50,68,Lead,2025-03-26,LinkedIn,Larry Case
433,2024-10-14,Email Campaign,HealthTech,M: 11-50,92,Customer,2025-05-25,WhatsApp,Kevin Holland
434,2024-02-08,Email Campaign,Retail,L: 51-200,98,MQL,2025-03-06,Call,Brent Allen
435,2025-01-19,LinkedIn,Consulting,L: 51-200,68,Lead,2024-01-30,Email,Mr. Jamie Williams
436,2025-04-14,Facebook,Consulting,M: 11-50,98,MQL,2024-10-02,LinkedIn,Andrea Browning
437,2024-07-17,Facebook,FinTech,S: 1-10,30,Lead,2024-03-11,WhatsApp,Daniel Harris
438,2025-05-10,Facebook,HealthTech,S: 1-10,100,Customer,2024-12-14,Email,Laura Clark
439,2025-05-07,Facebook,EdTech,S: 1-10,16,SQL,2024-08-19,Call,Jimmy Owens
440,2025-02-27,Email Campaign,HealthTech,M: 11-50,67,SQL,2024-05-04,Call,Eugene Knight
441,2024-01-14,Email Campaign,EdTech,M: 11-50,78,Lead,2024-05-24,LinkedIn,Scott Kane
442,2025-06-19,LinkedIn,Consulting,S: 1-10,65,MQL,2024-06-17,WhatsApp,Stephen Stein
443,2024-04-05,Email Campaign,Retail,L: 51-200,64,Lead,2025-03-07,WhatsApp,Jennifer Nelson
444,2025-01-29,Email Campaign,FinTech,M: 11-50,97,MQL,2024-08-24,LinkedIn,John Larson
445,2024-05-13,Facebook,Consulting,L: 51-200,26,SQL,2024-10-29,WhatsApp,Christina Green
446,2025-05-09,Referral,EdTech,S: 1-10,74,MQL,2024-07-06,Email,Pamela Benitez
447,2024-03-25,Referral,HealthTech,M: 11-50,66,Customer,2025-03-13,Email,Alan Wise
448,2024-05-28,Referral,Retail,M: 11-50,37,Lead,2025-05-30,Call,Francisco Schneider
449,2024-11-03,LinkedIn,Retail,S: 1-10,53,MQL,2025-06-12,Email,Martha Bell
450,2024-05-21,Facebook,Logistics,S: 1-10,21,Lead,2025-06-19,WhatsApp,James Martinez
451,2024-12-21,Email Campaign,Consulting,S: 1-10,76,Customer,2025-05-29,WhatsApp,David Wallace
452,2024-03-17,LinkedIn,Retail,M: 11-50,84,MQL,2025-02-24,Call,Randall Harris
453,2025-05-24,LinkedIn,FinTech,M: 11-50,19,Customer,2025-06-13,LinkedIn,Samantha Lee
454,2024-01-11,Referral,EdTech,M: 11-50,53,Lead,2024-04-29,Call,Dr. Yolanda Rivera DVM
455,2024-07-05,Email Campaign,Logistics,M: 11-50,26,SQL,2025-05-12,LinkedIn,Emily Klein
456,2024-06-17,Email Campaign,Logistics,M: 11-50,28,Lead,2024-02-09,WhatsApp,Meghan Harper
457,2025-06-01,LinkedIn,EdTech,L: 51-200,13,SQL,2025-06-03,Call,Brian Price
458,2025-05-21,LinkedIn,FinTech,M: 11-50,79,Lead,2025-06-29,Call,Michael Potter
459,2024-03-12,Facebook,Retail,S: 1-10,18,SQL,2025-04-03,LinkedIn,Sarah Chan
460,2025-06-27,Referral,HealthTech,S: 1-10,72,SQL,2024-11-02,LinkedIn,Jacqueline Carter
461,2024-04-13,Facebook,HealthTech,L: 51-200,34,Lead,2024-03-15,LinkedIn,Anna Pierce
462,2025-03-09,Facebook,Retail,S: 1-10,86,Lead,2024-07-16,Call,Katherine Morrison
463,2025-04-09,LinkedIn,HealthTech,S: 1-10,57,Lead,2024-11-29,LinkedIn,Melissa Johnson
464,2024-08-11,Email Campaign,Logistics,S: 1-10,42,Lead,2024-07-26,WhatsApp,Craig Lester
465,2024-12-14,LinkedIn,EdTech,L: 51-200,80,Lead,2025-04-18,WhatsApp,Susan Flores
466,2024-11-05,Facebook,HealthTech,L: 51-200,40,MQL,2025-06-29,LinkedIn,John Gray
467,2024-11-26,Facebook,Retail,L: 51-200,71,MQL,2024-09-13,LinkedIn,Javier Frost
468,2024-04-11,Email Campaign,Logistics,L: 51-200,46,Lead,2025-04-19,LinkedIn,Jacob Beard
469,2024-01-26,Email Campaign,EdTech,S: 1-10,82,MQL,2024-06-10,Call,Natasha Clark
470,2024-09-16,LinkedIn,FinTech,S: 1-10,36,SQL,2025-05-08,WhatsApp,Mark Thomas
471,2025-04-27,LinkedIn,Retail,M: 11-50,98,Customer,2024-07-22,WhatsApp,Christopher Knight
472,2024-05-10,Referral,Retail,S: 1-10,35,Customer,2025-04-14,Email,Erica Bell
473,2024-11-28,Referral,Logistics,M: 11-50,45,SQL,2024-04-14,WhatsApp,Carolyn Hall
474,2025-06-15,Email Campaign,EdTech,S: 1-10,94,MQL,2024-06-28,WhatsApp,Justin Carlson
475,2024-05-11,Referral,EdTech,S: 1-10,90,Customer,2024-12-30,Email,Courtney Day
476,2025-05-23,LinkedIn,EdTech,L: 51-200,74,SQL,2025-06-26,Email,Thomas Wise
477,2025-06-02,Facebook,HealthTech,M: 11-50,77,SQL,2024-08-02,LinkedIn,Amber Hensley
478,2025-03-05,Email Campaign,EdTech,L: 51-200,33,Customer,2024-12-24,Email,Mr. James Peterson
479,2025-04-06,Facebook,Retail,S: 1-10,44,Customer,2024-07-31,Email,Shannon Simmons
480,2025-04-03,Email Campaign,EdTech,L: 51-200,36,MQL,2025-01-01,Call,Aaron Lopez
481,2024-07-12,Facebook,HealthTech,S: 1-10,28,MQL,2025-02-12,Call,Helen Johnson
482,2025-02-18,Referral,Retail,M: 11-50,38,MQL,2024-02-03,Email,Holly Lewis
483,2025-06-03,LinkedIn,HealthTech,M: 11-50,54,SQL,2024-10-17,WhatsApp,Brian Miller
484,2024-10-24,Referral,Consulting,L: 51-200,70,MQL,2024-07-17,Call,Rose Bates
485,2024-09-13,Referral,Logistics,L: 51-200,90,MQL,2024-03-01,Call,John Mcintosh
486,2024-03-10,Referral,HealthTech,S: 1-10,97,Customer,2025-04-15,Email,Jordan Alvarez
487,2024-04-04,LinkedIn,EdTech,L: 51-200,43,Customer,2024-04-01,LinkedIn,Jennifer Riley
488,2024-03-07,LinkedIn,Retail,L: 51-200,51,Lead,2025-04-21,LinkedIn,Tina Craig
489,2024-10-20,Facebook,EdTech,S: 1-10,30,SQL,2024-01-14,Email,Richard Jones
490,2024-02-14,Referral,Logistics,S: 1-10,45,MQL,2024-12-13,LinkedIn,Joshua Smith
491,2025-01-19,Referral,Consulting,L: 51-200,79,SQL,2024-08-26,Call,Alexander Wilson
492,2024-06-06,Referral,HealthTech,S: 1-10,67,MQL,2024-06-26,LinkedIn,Andrea Johnson
493,2025-05-21,Facebook,EdTech,L: 51-200,82,Lead,2025-06-20,WhatsApp,Kathleen Williams
494,2025-06-25,LinkedIn,Retail,L: 51-200,79,Lead,2024-11-03,Call,Timothy Sanchez
495,2024-03-16,LinkedIn,FinTech,M: 11-50,51,Lead,2024-05-18,Call,Lee Wise
496,2024-01-18,LinkedIn,Logistics,L: 51-200,47,Customer,2024-04-08,LinkedIn,Lorraine Hampton
497,2025-02-01,Facebook,Logistics,L: 51-200,97,SQL,2025-06-02,Call,Joshua Miller
498,2025-01-25,Facebook,EdTech,S: 1-10,61,Customer,2025-02-04,LinkedIn,Joseph Anderson
499,2024-07-17,Facebook,Consulting,S: 1-10,100,MQL,2025-04-08,WhatsApp,Nathan Perry
500,2024-01-06,LinkedIn,HealthTech,L: 51-200,81,Customer,2025-06-30,Call,Frederick Miller
501,2024-08-30,Referral,Retail,L: 51-200,23,Customer,2024-07-18,LinkedIn,Veronica Curry
502,2024-08-12,Email Campaign,Retail,L: 51-200,80,Lead,2025-06-27,WhatsApp,Tyler Morris
503,2024-11-25,Referral,HealthTech,M: 11-50,53,MQL,2024-08-23,WhatsApp,Sonya George
504,2025-06-20,Facebook,Retail,S: 1-10,98,SQL,2024-05-05,WhatsApp,Kathryn Wood
505,2024-08-07,Referral,Logistics,S: 1-10,89,SQL,2025-04-02,Email,Shelia Thomas
506,2025-01-04,Email Campaign,EdTech,L: 51-200,52,Customer,2025-05-24,Call,Michael Fisher
507,2024-06-03,Referral,Consulting,M: 11-50,23,SQL,2024-04-19,WhatsApp,Melanie Brown
508,2024-01-13,Referral,FinTech,M: 11-50,32,Lead,2024-09-20,WhatsApp,Wendy Palmer
509,2025-04-17,Referral,Logistics,L: 51-200,77,MQL,2024-09-30,Call,Crystal Bates
510,2025-04-08,Email Campaign,FinTech,M: 11-50,57,Lead,2024-10-11,LinkedIn,Sarah Murphy
511,2024-03-31,LinkedIn,Consulting,L: 51-200,31,MQL,2024-08-04,Call,Matthew Bowen
512,2024-05-27,Facebook,Logistics,M: 11-50,37,MQL,2025-06-19,Call,Steven Johnson
513,2025-06-08,Facebook,HealthTech,M: 11-50,36,Customer,2024-11-01,WhatsApp,John Brown
514,2025-02-03,LinkedIn,Retail,M: 11-50,16,MQL,2025-06-12,LinkedIn,Tyler Sawyer
515,2024-07-03,Facebook,Consulting,S: 1-10,47,Lead,2024-04-13,WhatsApp,Derek Dillon
516,2025-01-17,Facebook,HealthTech,M: 11-50,100,Customer,2024-10-28,Email,Amber Castillo
517,2024-11-08,Referral,Retail,S: 1-10,52,Lead,2025-03-25,Call,Elizabeth Lynn
518,2024-06-03,LinkedIn,Consulting,S: 1-10,23,Lead,2025-03-18,Email,Laura Sellers
519,2024-07-30,Facebook,Consulting,L: 51-200,87,SQL,2024-11-27,WhatsApp,Kathryn Morris
520,2024-04-21,Email Campaign,EdTech,L: 51-200,75,Customer,2024-06-20,Call,Pamela Hunter
521,2025-03-29,Facebook,EdTech,S: 1-10,44,Customer,2025-06-23,Call,Lisa Anderson
522,2024-12-14,Facebook,Consulting,S: 1-10,15,MQL,2025-02-11,WhatsApp,James Martin
523,2024-01-28,LinkedIn,HealthTech,S: 1-10,57,Lead,2024-01-03,WhatsApp,Todd Frank
524,2024-02-21,Referral,FinTech,L: 51-200,65,Lead,2024-02-03,WhatsApp,Victoria Lewis
525,2024-09-11,LinkedIn,Retail,L: 51-200,59,Lead,2025-01-21,WhatsApp,Casey Wright
526,2024-05-09,Referral,Retail,M: 11-50,22,Customer,2025-03-13,Call,Susan Richards
527,2024-06-28,Facebook,FinTech,L: 51-200,37,Customer,2024-04-07,WhatsApp,Miguel Gutierrez
528,2024-05-05,Referral,Logistics,L: 51-200,92,Lead,2024-09-20,LinkedIn,Sandra Burns
529,2024-03-11,Referral,FinTech,M: 11-50,58,SQL,2024-03-20,WhatsApp,Taylor Pope
530,2024-10-27,Facebook,Consulting,M: 11-50,16,SQL,2024-05-29,Email,Kathryn Wilson
531,2024-10-06,Facebook,EdTech,L: 51-200,29,MQL,2024-08-12,Email,Maria Adams
532,2024-06-22,Email Campaign,HealthTech,L: 51-200,47,Lead,2025-06-14,Call,Robert Taylor
533,2024-11-19,Facebook,Logistics,L: 51-200,83,Customer,2025-03-16,WhatsApp,Stephen Gray
534,2025-06-21,Referral,HealthTech,L: 51-200,86,Customer,2024-04-29,LinkedIn,Michael Flores
535,2025-03-25,Email Campaign,Logistics,L: 51-200,55,Lead,2024-05-11,Call,Lori Morse
536,2025-05-07,Facebook,Logistics,S: 1-10,82,SQL,2025-05-17,Email,Cheryl Conway
537,2025-05-08,Referral,Consulting,S: 1-10,66,MQL,2025-02-15,WhatsApp,Tonya Todd
538,2024-07-07,Facebook,EdTech,L: 51-200,84,SQL,2025-06-21,LinkedIn,Amanda Richardson
539,2024-08-08,Referral,FinTech,S: 1-10,47,SQL,2025-05-17,Call,Angela Underwood
540,2025-02-15,Email Campaign,EdTech,S: 1-10,71,Lead,2024-08-20,WhatsApp,Pamela Parks
541,2024-03-20,Email Campaign,FinTech,M: 11-50,12,Lead,2024-11-10,Call,Ann White
542,2024-03-08,Facebook,HealthTech,S: 1-10,51,SQL,2024-06-08,WhatsApp,Debra Goodwin MD
543,2025-01-10,LinkedIn,Consulting,S: 1-10,85,Lead,2024-03-16,WhatsApp,Karen Mckinney
544,2025-05-30,Email Campaign,Retail,L: 51-200,50,MQL,2025-03-17,LinkedIn,Kimberly Sweeney
545,2024-07-31,Email Campaign,Retail,L: 51-200,85,Lead,2025-02-05,WhatsApp,Brian Martinez
546,2024-03-21,Referral,Consulting,L: 51-200,77,MQL,2024-08-11,Email,Eric Wright
547,2024-07-14,Referral,EdTech,S: 1-10,39,SQL,2024-08-26,Email,Jody Michael
548,2024-10-19,Email Campaign,FinTech,S: 1-10,71,SQL,2024-11-09,LinkedIn,Kristin Larson
549,2025-06-06,Referral,Retail,L: 51-200,79,Customer,2024-06-27,WhatsApp,Jessica Johnson
550,2025-01-31,Referral,Consulting,M: 11-50,34,SQL,2024-09-07,LinkedIn,Melody Marshall
551,2025-01-20,Facebook,Logistics,L: 51-200,87,SQL,2024-10-02,Email,Lisa Murphy
552,2025-02-25,LinkedIn,HealthTech,M: 11-50,17,SQL,2024-07-25,Email,Scott Murphy
553,2024-10-21,LinkedIn,EdTech,L: 51-200,95,MQL,2025-03-07,Email,Tammy Santos
554,2024-02-02,Email Campaign,EdTech,S: 1-10,56,Lead,2025-01-08,Email,Kristin Harvey
555,2024-04-13,LinkedIn,EdTech,S: 1-10,19,MQL,2024-10-11,LinkedIn,Michael Watson
556,2024-11-01,Facebook,Consulting,S: 1-10,80,Lead,2024-01-08,Call,Stephen Vargas
557,2024-05-07,LinkedIn,Retail,S: 1-10,99,MQL,2025-01-18,LinkedIn,Michael Garcia
558,2024-03-13,LinkedIn,Logistics,S: 1-10,78,MQL,2024-11-11,Call,Kyle Jarvis
559,2024-09-22,Referral,Consulting,M: 11-50,59,Lead,2025-03-27,LinkedIn,Amanda Finley
560,2024-11-10,LinkedIn,EdTech,M: 11-50,86,SQL,2024-10-14,Email,Richard Townsend
561,2024-11-22,LinkedIn,Logistics,S: 1-10,90,Lead,2025-04-09,Call,Patrick Hanna
562,2024-10-12,Facebook,Logistics,M: 11-50,66,Customer,2024-11-03,Email,Donna Mercado
563,2024-07-16,Email Campaign,FinTech,M: 11-50,57,Lead,2024-05-15,Call,Eric Alvarado
564,2024-05-04,LinkedIn,Retail,L: 51-200,100,Customer,2025-03-26,Call,Cindy Patterson
565,2025-01-26,Email Campaign,FinTech,M: 11-50,11,SQL,2024-11-14,LinkedIn,Deborah Myers
566,2024-11-30,Facebook,Logistics,M: 11-50,38,SQL,2024-07-29,Call,Christopher Ford
567,2024-02-10,LinkedIn,HealthTech,L: 51-200,65,Lead,2024-11-20,Call,Audrey Hill
568,2024-11-01,LinkedIn,Logistics,M: 11-50,73,MQL,2024-01-09,WhatsApp,John Robinson II
569,2025-02-19,LinkedIn,Logistics,L: 51-200,82,SQL,2025-02-20,WhatsApp,Kimberly Smith
570,2024-06-06,Email Campaign,EdTech,L: 51-200,40,MQL,2025-06-02,LinkedIn,Gary Potter
571,2024-07-24,Email Campaign,Logistics,S: 1-10,20,SQL,2025-05-03,Email,Scott Watkins
572,2024-06-01,Email Campaign,HealthTech,L: 51-200,68,Lead,2024-04-22,LinkedIn,Kristin Peters
573,2025-04-05,Email Campaign,EdTech,L: 51-200,24,Customer,2025-03-17,Email,Zachary Farmer
574,2025-06-26,LinkedIn,Consulting,L: 51-200,32,MQL,2025-03-19,LinkedIn,Diana Calderon
575,2024-03-14,Email Campaign,Logistics,L: 51-200,26,Lead,2024-07-21,LinkedIn,Erin Santiago
576,2025-06-29,LinkedIn,Retail,M: 11-50,37,Lead,2024-07-06,WhatsApp,Brian Gordon
577,2024-08-21,Email Campaign,EdTech,M: 11-50,10,Lead,2024-02-19,Call,John Wilson
578,2025-05-04,LinkedIn,EdTech,S: 1-10,10,SQL,2024-09-14,LinkedIn,Joan Lane
579,2024-10-20,Email Campaign,Logistics,S: 1-10,86,Lead,2024-11-08,WhatsApp,Chelsea White
580,2024-06-09,Facebook,FinTech,M: 11-50,36,SQL,2024-05-04,WhatsApp,Priscilla Carson
581,2024-11-09,Email Campaign,Logistics,S: 1-10,57,Lead,2024-11-24,Email,Deanna Roman
582,2024-01-06,LinkedIn,Retail,L: 51-200,38,SQL,2025-03-11,WhatsApp,William Martinez MD
583,2025-03-03,Facebook,FinTech,S: 1-10,85,MQL,2024-08-12,Call,Erika Singh
584,2024-02-26,Facebook,EdTech,L: 51-200,31,MQL,2025-01-16,Email,David Adams
585,2024-01-29,Referral,EdTech,L: 51-200,100,MQL,2024-02-07,LinkedIn,Barbara Anthony
586,2024-12-21,Facebook,Retail,L: 51-200,57,Lead,2024-10-12,Email,Lori Carlson
587,2024-05-19,LinkedIn,Consulting,M: 11-50,61,SQL,2024-04-09,LinkedIn,Crystal Sims
588,2025-01-12,Facebook,Consulting,M: 11-50,51,Customer,2024-09-13,LinkedIn,Linda Combs
589,2025-06-10,Email Campaign,FinTech,S: 1-10,55,Customer,2024-01-26,WhatsApp,Phillip Murphy
590,2025-02-05,LinkedIn,FinTech,S: 1-10,52,Customer,2024-07-28,Email,Gregory Gibson
591,2024-06-20,Email Campaign,FinTech,S: 1-10,63,Customer,2024-02-07,Email,Angelica Arroyo
592,2024-02-23,Referral,FinTech,L: 51-200,43,Lead,2024-04-17,WhatsApp,Christian Hess
593,2024-08-20,Facebook,Consulting,S: 1-10,80,SQL,2025-02-21,Call,Lindsay Holder
594,2024-05-03,Facebook,Consulting,L: 51-200,65,MQL,2025-05-30,Email,Joshua Vega
595,2024-12-22,Referral,Retail,M: 11-50,62,SQL,2024-01-11,LinkedIn,Douglas Thomas
596,2025-05-21,Facebook,EdTech,L: 51-200,94,SQL,2025-04-11,WhatsApp,John Dixon
597,2025-06-01,Email Campaign,FinTech,L: 51-200,13,Lead,2024-04-08,Email,Rebecca Ward
598,2025-04-17,Referral,Retail,S: 1-10,88,Lead,2024-06-13,Email,Jasmine Hartman
599,2024-11-15,Email Campaign,Consulting,L: 51-200,48,Customer,2025-05-27,WhatsApp,Colton Rivera
600,2024-12-12,LinkedIn,Logistics,L: 51-200,65,SQL,2024-11-26,Call,Warren Lowery
601,2024-04-28,LinkedIn,Retail,S: 1-10,76,MQL,2024-12-08,WhatsApp,Anna Frederick
602,2025-03-08,Facebook,Consulting,S: 1-10,96,Lead,2025-01-02,WhatsApp,Chad Abbott
603,2024-04-03,Email Campaign,Consulting,L: 51-200,41,MQL,2025-03-06,Call,Timothy Wall
604,2024-08-14,Referral,EdTech,L: 51-200,23,MQL,2024-05-17,Email,Rebecca Carter
605,2024-02-24,Email Campaign,Retail,L: 51-200,97,SQL,2024-01-17,WhatsApp,Blake Bowen
606,2025-02-05,LinkedIn,HealthTech,L: 51-200,89,MQL,2024-04-02,Email,Mr. Joseph Mata
607,2024-09-19,Email Campaign,HealthTech,M: 11-50,34,Lead,2024-12-17,Email,Kendra Santiago
608,2024-06-25,LinkedIn,FinTech,L: 51-200,37,Customer,2024-11-03,Email,Debbie Nelson
609,2024-02-10,LinkedIn,Retail,L: 51-200,15,Customer,2024-11-30,Call,Carolyn Anderson
610,2024-11-24,LinkedIn,HealthTech,L: 51-200,43,Lead,2024-08-10,Email,Kaitlin Munoz
611,2025-01-18,Referral,EdTech,L: 51-200,49,Lead,2025-02-06,WhatsApp,Mathew Rodriguez
612,2024-07-21,Facebook,Consulting,S: 1-10,54,Lead,2025-03-16,Email,Deborah Chandler
613,2024-01-25,LinkedIn,Consulting,M: 11-50,58,MQL,2024-10-23,Email,Shane Oconnell
614,2025-05-18,Email Campaign,HealthTech,M: 11-50,92,Lead,2024-11-04,WhatsApp,Larry Bautista
615,2024-07-01,Referral,HealthTech,M: 11-50,82,Lead,2025-02-18,WhatsApp,William Banks
616,2024-07-30,Facebook,Consulting,M: 11-50,64,MQL,2025-05-16,WhatsApp,Steven Riddle
617,2024-05-14,Referral,FinTech,M: 11-50,64,MQL,2025-02-22,Email,Kelly Hutchinson
618,2024-03-04,Facebook,Logistics,M: 11-50,94,Customer,2025-04-12,WhatsApp,Matthew Hernandez
619,2024-12-07,Referral,HealthTech,L: 51-200,50,Customer,2025-05-28,LinkedIn,Charlotte Evans
620,2025-02-17,LinkedIn,Logistics,S: 1-10,68,SQL,2024-09-18,Email,James Bradford
621,2025-06-12,Email Campaign,Consulting,S: 1-10,27,MQL,2025-05-13,LinkedIn,David Richards
622,2024-09-29,Facebook,HealthTech,L: 51-200,35,Lead,2025-06-17,Call,Jack Smith
623,2025-01-31,Email Campaign,Consulting,M: 11-50,88,SQL,2024-01-11,LinkedIn,John Gonzalez DDS
624,2025-03-03,Email Campaign,Logistics,S: 1-10,71,SQL,2025-06-09,Email,Douglas Ross
625,2024-09-02,Email Campaign,Consulting,M: 11-50,35,MQL,2024-01-05,Call,Sheila Villarreal
626,2024-08-20,LinkedIn,HealthTech,S: 1-10,95,MQL,2024-02-15,LinkedIn,Kevin Martin
627,2024-09-27,Referral,EdTech,M: 11-50,40,SQL,2024-10-09,Email,Jacob Neal
628,2024-05-05,Facebook,Logistics,L: 51-200,35,Customer,2024-12-11,WhatsApp,John Buck
629,2025-04-25,Email Campaign,HealthTech,S: 1-10,45,Customer,2024-02-01,Email,Jonathan Fowler
630,2025-02-21,Email Campaign,Retail,L: 51-200,82,SQL,2024-06-08,Call,Walter Douglas
631,2024-10-06,Email Campaign,EdTech,M: 11-50,34,Customer,2024-01-13,WhatsApp,Joseph Gray
632,2024-05-19,Email Campaign,Consulting,S: 1-10,56,MQL,2024-09-08,LinkedIn,Timothy Garcia
633,2024-12-22,Facebook,EdTech,L: 51-200,18,Lead,2024-07-09,Email,Robert Wright
634,2024-04-24,LinkedIn,FinTech,M: 11-50,70,Lead,2024-03-23,WhatsApp,Troy Harris
635,2024-06-16,Referral,HealthTech,L: 51-200,92,MQL,2024-09-14,Email,Stephen Spears
636,2024-09-05,Facebook,Consulting,S: 1-10,29,SQL,2024-04-14,Call,Jeremy Hill
637,2024-09-08,Facebook,Retail,S: 1-10,19,Lead,2024-03-22,Email,Douglas Bautista
638,2025-06-19,Facebook,Logistics,L: 51-200,80,MQL,2024-09-03,Call,Paul Vincent
639,2024-01-16,Email Campaign,HealthTech,M: 11-50,85,MQL,2024-12-20,Call,Joseph Herrera
640,2024-04-24,Email Campaign,Retail,L: 51-200,82,SQL,2025-03-30,LinkedIn,Carlos Miller
641,2025-02-05,Facebook,Retail,L: 51-200,75,Customer,2024-08-11,Call,Sophia White MD
642,2024-07-28,Referral,EdTech,S: 1-10,93,MQL,2025-06-22,Call,Paul Miller
643,2024-02-21,Referral,EdTech,M: 11-50,96,Lead,2024-11-25,Call,Mr. Brett Hernandez
644,2025-01-09,Email Campaign,Consulting,M: 11-50,95,Customer,2024-09-08,WhatsApp,Nancy Parker
645,2024-08-23,Email Campaign,Retail,L: 51-200,67,MQL,2024-12-10,WhatsApp,Kyle Johnson
646,2024-04-27,Facebook,EdTech,L: 51-200,76,SQL,2024-09-08,Email,Michael Hill
647,2024-02-24,Email Campaign,Logistics,M: 11-50,48,MQL,2024-09-22,Call,Tyler Lawrence
648,2024-08-27,Email Campaign,FinTech,M: 11-50,77,Lead,2024-10-31,WhatsApp,Nicholas Nichols
649,2024-11-25,Referral,FinTech,S: 1-10,27,Customer,2024-04-25,Call,Kevin Price
650,2024-12-08,Email Campaign,Retail,S: 1-10,19,MQL,2024-02-18,Email,Bradley Church
651,2024-08-23,Email Campaign,EdTech,M: 11-50,15,SQL,2024-09-05,LinkedIn,Kelsey Decker
652,2025-05-27,Facebook,Retail,S: 1-10,34,Lead,2024-01-09,Call,Mario Baker
653,2024-05-27,LinkedIn,Retail,L: 51-200,68,Customer,2025-04-24,WhatsApp,Ms. Christina Robinson PhD
654,2024-10-02,Email Campaign,Retail,L: 51-200,70,SQL,2024-08-01,LinkedIn,Julian Skinner
655,2025-02-22,Referral,EdTech,L: 51-200,32,MQL,2024-09-12,LinkedIn,Richard Maddox
656,2025-05-31,LinkedIn,Logistics,L: 51-200,53,SQL,2024-09-27,LinkedIn,Joy Lam
657,2024-08-20,Referral,Logistics,S: 1-10,14,Lead,2025-03-28,Email,Brittany Murray
658,2024-07-09,Referral,Logistics,S: 1-10,50,Lead,2025-01-26,LinkedIn,Timothy Estrada
659,2024-10-06,Facebook,Consulting,L: 51-200,95,SQL,2024-10-09,Call,Jacob Acevedo
660,2024-07-21,Referral,Logistics,M: 11-50,69,SQL,2024-09-19,Email,Richard Stone
661,2024-06-25,Facebook,HealthTech,S: 1-10,21,SQL,2025-04-03,LinkedIn,Carolyn Parrish
662,2024-02-10,Facebook,Retail,S: 1-10,84,SQL,2025-04-12,WhatsApp,Kaylee Martinez
663,2024-05-04,LinkedIn,HealthTech,L: 51-200,94,Lead,2024-12-22,WhatsApp,Alexandra Vaughn
664,2024-11-11,Referral,Retail,M: 11-50,79,Lead,2024-11-13,Email,Justin Scott
665,2025-03-11,LinkedIn,HealthTech,S: 1-10,53,Customer,2024-02-05,LinkedIn,Michael Ramirez
666,2025-05-23,LinkedIn,Retail,S: 1-10,71,SQL,2024-02-21,WhatsApp,George Livingston
667,2024-09-21,Email Campaign,Consulting,L: 51-200,95,Customer,2024-07-28,LinkedIn,John Burgess
668,2024-08-11,LinkedIn,HealthTech,M: 11-50,13,Customer,2024-09-05,LinkedIn,Colleen Ramirez
669,2024-12-01,Facebook,Retail,S: 1-10,80,Lead,2024-05-25,WhatsApp,Elizabeth Curtis
670,2025-02-20,Referral,Consulting,L: 51-200,32,MQL,2024-05-24,WhatsApp,Norman Butler
671,2024-11-30,Email Campaign,Retail,L: 51-200,56,Lead,2024-12-30,LinkedIn,Jesse Thomas
672,2024-07-29,Facebook,HealthTech,M: 11-50,25,Lead,2025-05-23,WhatsApp,Anthony Brown
673,2025-04-15,LinkedIn,EdTech,M: 11-50,20,Customer,2025-06-07,Call,Amber Gardner
674,2024-07-09,LinkedIn,HealthTech,L: 51-200,68,Customer,2024-06-14,Email,Vanessa Hayes
675,2024-06-30,LinkedIn,FinTech,L: 51-200,55,MQL,2024-12-28,LinkedIn,Heidi Oconnell
676,2024-06-19,Email Campaign,Retail,S: 1-10,48,Customer,2024-07-03,Email,Daniel Cunningham
677,2024-11-19,LinkedIn,Retail,M: 11-50,90,SQL,2024-04-06,Call,Mr. Tyler Hardy Jr.
678,2024-02-14,LinkedIn,Logistics,M: 11-50,55,Customer,2024-09-19,LinkedIn,Matthew Reed
679,2024-12-09,LinkedIn,Retail,M: 11-50,15,SQL,2024-03-17,Email,Alyssa Gardner
680,2024-04-20,Email Campaign,EdTech,S: 1-10,39,MQL,2025-04-22,Email,Robert Klein
681,2024-05-06,Email Campaign,FinTech,M: 11-50,18,MQL,2024-03-03,Email,Scott Frazier
682,2025-02-24,Email Campaign,HealthTech,S: 1-10,10,Lead,2024-01-28,WhatsApp,Kelly Hensley
683,2024-08-18,Email Campaign,Retail,M: 11-50,55,SQL,2024-04-24,LinkedIn,Andrew Downs
684,2024-09-26,LinkedIn,Consulting,M: 11-50,86,SQL,2024-08-09,WhatsApp,Jason Hall
685,2024-10-04,Facebook,FinTech,S: 1-10,57,Customer,2024-08-23,WhatsApp,Erika Nguyen
686,2024-01-13,Facebook,Retail,M: 11-50,20,Lead,2024-03-28,Email,Caitlin Mendez
687,2024-04-19,LinkedIn,FinTech,S: 1-10,55,Lead,2024-08-27,Email,Rhonda Ortega
688,2025-05-28,LinkedIn,FinTech,L: 51-200,39,MQL,2024-10-09,LinkedIn,Seth Austin
689,2024-08-04,Facebook,Retail,M: 11-50,88,MQL,2024-06-04,Call,William Boyd
690,2024-11-06,Referral,Consulting,S: 1-10,91,Customer,2025-01-18,Call,Robert Torres
691,2024-11-23,Referral,Consulting,L: 51-200,54,SQL,2024-02-19,Email,Michael Chaney
692,2024-09-27,Email Campaign,FinTech,L: 51-200,97,MQL,2025-05-07,LinkedIn,Daniel Morales
693,2025-02-07,Facebook,FinTech,S: 1-10,10,MQL,2024-08-26,WhatsApp,Kelly Anderson
694,2025-03-07,Facebook,Retail,M: 11-50,90,Lead,2025-04-21,WhatsApp,Lisa Snyder
695,2025-05-30,Referral,Logistics,S: 1-10,19,Lead,2024-01-24,LinkedIn,Susan York
696,2024-04-02,Referral,FinTech,L: 51-200,49,MQL,2024-08-01,Call,Allison Hansen
697,2024-06-21,Email Campaign,FinTech,M: 11-50,12,MQL,2025-01-25,WhatsApp,Victoria Chase
698,2024-04-19,Email Campaign,FinTech,L: 51-200,39,Lead,2024-05-05,WhatsApp,Kenneth Estes
699,2025-01-14,Facebook,Retail,M: 11-50,90,SQL,2024-06-30,Call,David Miller
700,2025-03-16,LinkedIn,HealthTech,L: 51-200,67,Customer,2024-08-29,WhatsApp,Todd Smith
701,2024-01-26,Email Campaign,Retail,M: 11-50,28,Lead,2025-03-12,WhatsApp,Ronald Erickson
702,2024-02-10,LinkedIn,Consulting,L: 51-200,77,Lead,2025-03-01,WhatsApp,Heidi Ibarra
703,2025-01-01,Email Campaign,Retail,S: 1-10,18,Lead,2024-05-27,Email,Jonathan Rodriguez
704,2025-04-29,Facebook,Consulting,M: 11-50,87,MQL,2024-06-21,WhatsApp,Jason Reynolds
705,2024-04-16,Email Campaign,HealthTech,L: 51-200,79,Lead,2024-12-02,Email,Erika Kennedy
706,2025-03-21,LinkedIn,EdTech,M: 11-50,34,SQL,2025-01-30,WhatsApp,Danielle Mckenzie
707,2024-03-26,Email Campaign,FinTech,L: 51-200,52,SQL,2024-03-04,Email,Jay Sheppard
708,2025-05-21,Email Campaign,Retail,S: 1-10,30,SQL,2024-05-19,WhatsApp,Mary Wilson
709,2024-04-16,Facebook,Retail,L: 51-200,41,SQL,2024-08-06,LinkedIn,Debbie Johnson
710,2024-05-16,LinkedIn,EdTech,M: 11-50,82,SQL,2024-03-31,LinkedIn,Diane Glover
711,2025-03-06,LinkedIn,Retail,M: 11-50,33,Lead,2024-02-26,Email,Sylvia Grimes
712,2024-06-30,LinkedIn,Logistics,L: 51-200,23,MQL,2025-06-22,WhatsApp,Kelsey Barnes
713,2024-02-28,Facebook,Logistics,M: 11-50,32,SQL,2024-11-28,Email,Karina Gomez
714,2025-01-03,LinkedIn,Retail,M: 11-50,12,SQL,2024-03-03,WhatsApp,John Rubio
715,2024-08-27,LinkedIn,HealthTech,L: 51-200,44,SQL,2024-07-21,LinkedIn,Kimberly Collins
716,2025-06-14,Facebook,EdTech,M: 11-50,80,Lead,2024-07-06,WhatsApp,Nathan Marshall
717,2024-09-09,Email Campaign,Logistics,M: 11-50,19,Customer,2024-04-14,Email,Edgar Hernandez
718,2024-10-07,Email Campaign,Retail,M: 11-50,77,SQL,2024-03-05,WhatsApp,Joseph Guerra
719,2024-05-05,Facebook,Logistics,M: 11-50,24,Lead,2024-07-14,Email,Lawrence Harris
720,2024-02-07,LinkedIn,HealthTech,M: 11-50,36,Customer,2025-05-17,LinkedIn,Shane Lane
721,2024-11-21,Email Campaign,HealthTech,M: 11-50,54,MQL,2025-01-07,Email,Kurt White
722,2024-05-13,LinkedIn,Consulting,L: 51-200,84,Lead,2024-08-12,WhatsApp,Thomas Jones
723,2024-04-08,LinkedIn,EdTech,M: 11-50,66,SQL,2024-09-29,WhatsApp,Darlene Ramos
724,2025-06-25,LinkedIn,EdTech,L: 51-200,20,MQL,2024-01-26,LinkedIn,Erin Ramirez
725,2024-10-08,LinkedIn,EdTech,L: 51-200,93,SQL,2024-02-28,WhatsApp,Kelsey Benitez
726,2024-01-16,Referral,HealthTech,M: 11-50,94,SQL,2024-01-03,Call,James Porter
727,2024-09-20,Facebook,Logistics,M: 11-50,54,Lead,2025-03-27,LinkedIn,Amanda Middleton
728,2025-04-28,LinkedIn,Retail,M: 11-50,93,Lead,2024-05-27,WhatsApp,Rebecca Gonzales
729,2024-10-09,Facebook,Consulting,L: 51-200,57,Lead,2024-02-29,Call,Katherine Wolfe
730,2024-10-11,Facebook,FinTech,S: 1-10,32,Customer,2025-02-12,Call,Michael Martinez
731,2024-05-12,Facebook,Consulting,L: 51-200,55,SQL,2025-02-02,LinkedIn,Victoria Calderon
732,2025-01-09,LinkedIn,Consulting,L: 51-200,95,Lead,2025-02-26,WhatsApp,Nicholas Reilly
733,2024-08-28,Email Campaign,FinTech,S: 1-10,47,Customer,2024-09-26,WhatsApp,Kyle Moss
734,2025-06-09,Referral,Retail,S: 1-10,15,MQL,2024-02-19,WhatsApp,Yolanda Hughes
735,2025-02-11,Referral,Consulting,L: 51-200,16,Customer,2025-05-10,LinkedIn,Kellie Roman
736,2024-02-05,Facebook,Logistics,M: 11-50,18,SQL,2025-02-19,WhatsApp,Tiffany Santos
737,2024-04-25,Email Campaign,Consulting,L: 51-200,65,Lead,2024-01-04,Call,Gerald Moon
738,2024-03-22,Email Campaign,Retail,S: 1-10,82,Lead,2024-04-04,LinkedIn,Maurice Mccarty
739,2024-02-23,Referral,Consulting,L: 51-200,99,SQL,2024-04-02,LinkedIn,Eric Mcintyre
740,2025-04-19,Referral,EdTech,L: 51-200,18,SQL,2025-02-28,Call,Julia Perez
741,2025-06-29,Email Campaign,FinTech,L: 51-200,68,SQL,2025-06-02,LinkedIn,Darren Hensley
742,2024-02-18,Referral,FinTech,M: 11-50,40,SQL,2024-11-28,Call,Angel Diaz
743,2025-03-31,Facebook,Retail,L: 51-200,10,MQL,2024-04-29,LinkedIn,Eric Floyd
744,2024-02-01,LinkedIn,Retail,S: 1-10,25,Customer,2024-01-04,WhatsApp,Alexander Wilson
745,2024-10-19,Facebook,Logistics,S: 1-10,62,Customer,2024-04-02,WhatsApp,Andrew Smith
746,2024-01-09,Facebook,Logistics,L: 51-200,39,MQL,2025-04-16,LinkedIn,Robert Rodriguez
747,2025-03-07,Referral,Consulting,L: 51-200,95,Customer,2025-01-23,Email,Carolyn Schneider
748,2025-06-12,Facebook,HealthTech,M: 11-50,76,SQL,2024-06-02,WhatsApp,Adrian Patterson II
749,2024-10-10,Facebook,FinTech,M: 11-50,88,MQL,2024-04-13,LinkedIn,Sandra Johnson
750,2025-03-06,LinkedIn,EdTech,M: 11-50,20,MQL,2025-05-24,Email,Hailey Carter
751,2025-03-16,Referral,FinTech,L: 51-200,15,Customer,2025-05-21,WhatsApp,Isaiah Daugherty
752,2024-01-22,Referral,Retail,L: 51-200,59,MQL,2024-01-31,Email,Debra Anderson
753,2025-02-15,Facebook,FinTech,M: 11-50,63,Customer,2024-05-14,Email,Sandra Cunningham
754,2024-08-18,Facebook,Consulting,S: 1-10,73,Customer,2025-01-24,LinkedIn,Monica Ingram
755,2025-06-27,Facebook,Consulting,L: 51-200,26,Lead,2025-03-14,WhatsApp,Theresa Nelson
756,2024-07-19,LinkedIn,Consulting,M: 11-50,36,Lead,2025-05-22,LinkedIn,Gerald Miller
757,2024-05-11,Email Campaign,HealthTech,M: 11-50,96,SQL,2025-03-13,Call,Jacqueline Johnson
758,2024-06-30,Facebook,EdTech,S: 1-10,34,Customer,2024-05-31,Email,John Hopkins
759,2025-03-07,Email Campaign,HealthTech,M: 11-50,39,SQL,2024-08-27,Call,Joseph Wolf
760,2024-09-30,Facebook,Consulting,L: 51-200,78,Customer,2024-11-06,LinkedIn,Gabrielle Meyers
761,2024-11-27,Facebook,HealthTech,L: 51-200,26,SQL,2024-11-21,Email,Chelsea Morris
762,2024-06-28,Email Campaign,HealthTech,L: 51-200,32,MQL,2025-05-25,Call,Jacob Burgess
763,2024-04-18,Facebook,EdTech,M: 11-50,69,SQL,2024-08-22,Email,Roy Hall
764,2024-09-19,Facebook,FinTech,M: 11-50,22,MQL,2025-01-20,Email,Craig Rodriguez
765,2024-08-27,LinkedIn,Logistics,S: 1-10,36,Lead,2025-06-23,WhatsApp,Elizabeth Mitchell
766,2024-07-08,Referral,Logistics,S: 1-10,52,Customer,2025-02-22,WhatsApp,Connie Ruiz
767,2024-05-21,Facebook,Consulting,L: 51-200,57,MQL,2024-10-16,WhatsApp,Scott Allen
768,2024-01-28,Facebook,Retail,S: 1-10,99,MQL,2025-06-02,Email,Jessica Jensen
769,2024-03-30,LinkedIn,Retail,M: 11-50,91,Customer,2024-03-16,Call,Sara Pacheco
770,2024-10-05,Email Campaign,HealthTech,M: 11-50,17,Customer,2024-07-21,WhatsApp,Steven Dixon
771,2024-09-11,Email Campaign,Consulting,L: 51-200,80,SQL,2024-11-08,WhatsApp,Richard Johnston
772,2025-05-03,Facebook,Consulting,S: 1-10,98,Customer,2024-01-03,WhatsApp,Tyler Chavez
773,2024-03-10,LinkedIn,Consulting,M: 11-50,14,Lead,2025-02-14,Email,Paul Chapman
774,2024-08-05,LinkedIn,EdTech,L: 51-200,96,MQL,2024-08-27,WhatsApp,Audrey Williams
775,2024-02-01,LinkedIn,Retail,L: 51-200,83,SQL,2024-07-25,LinkedIn,Sean Joseph
776,2024-09-25,LinkedIn,Retail,L: 51-200,60,Lead,2025-01-27,Call,Elizabeth Le
777,2024-08-15,Facebook,HealthTech,L: 51-200,78,Customer,2025-05-24,WhatsApp,Joshua Brown
778,2024-04-16,Referral,Logistics,L: 51-200,93,Lead,2024-01-01,Email,Julia Wilcox
779,2025-03-23,Referral,Logistics,S: 1-10,76,MQL,2024-12-11,Email,Christopher Ferguson
780,2024-11-15,LinkedIn,Logistics,S: 1-10,43,MQL,2025-04-22,LinkedIn,Taylor Jackson
781,2024-04-27,Referral,EdTech,L: 51-200,77,SQL,2024-08-02,Call,Michelle Jordan
782,2024-05-12,LinkedIn,Consulting,M: 11-50,50,Lead,2024-03-07,LinkedIn,Kelsey Holder
783,2024-08-27,Referral,FinTech,S: 1-10,76,Lead,2024-04-07,Call,Eric Cervantes
784,2024-11-24,Email Campaign,FinTech,M: 11-50,18,SQL,2024-06-25,LinkedIn,Ryan Hanson
785,2024-02-29,Facebook,EdTech,M: 11-50,91,Customer,2025-06-28,WhatsApp,Charles Mcbride
786,2025-05-30,Email Campaign,HealthTech,L: 51-200,85,Customer,2025-04-09,Call,Emily Hancock
787,2025-03-20,Facebook,Logistics,L: 51-200,14,SQL,2024-09-28,Call,Ashley Rojas
788,2024-01-27,Email Campaign,Retail,S: 1-10,75,Customer,2024-07-20,WhatsApp,Ryan Molina
789,2024-03-13,Facebook,Retail,S: 1-10,63,MQL,2025-05-15,Email,Kelly Crosby
790,2024-12-14,Referral,FinTech,L: 51-200,22,Customer,2024-08-31,WhatsApp,Scott Jones
791,2024-11-10,Facebook,Logistics,M: 11-50,30,MQL,2024-04-13,Call,Christina Ramos
792,2024-05-12,Email Campaign,Logistics,L: 51-200,94,Customer,2024-03-04,Email,Emily Lopez
793,2024-09-04,Facebook,Retail,M: 11-50,23,Customer,2025-06-23,Email,Cassidy Dalton
794,2025-02-13,LinkedIn,Consulting,M: 11-50,50,MQL,2024-09-10,WhatsApp,Julie Lee
795,2024-11-02,Referral,Consulting,M: 11-50,59,MQL,2024-03-28,Email,Joseph Ward
796,2024-08-29,LinkedIn,HealthTech,M: 11-50,73,MQL,2024-02-19,Call,Richard Wood DDS
797,2024-08-30,Email Campaign,Retail,M: 11-50,34,Customer,2025-03-07,Email,Patricia Santos
798,2024-10-31,Email Campaign,HealthTech,M: 11-50,10,MQL,2024-03-20,Call,Brendan Jacobson DDS
799,2024-09-19,Facebook,Retail,S: 1-10,100,Customer,2024-05-07,Call,Matthew Rocha
800,2025-04-16,LinkedIn,Logistics,S: 1-10,79,MQL,2024-02-10,Call,Erin Torres
801,2024-10-20,Facebook,HealthTech,S: 1-10,84,SQL,2025-03-27,LinkedIn,Theresa Williams
802,2025-01-27,Facebook,EdTech,M: 11-50,69,MQL,2025-05-05,Call,Austin Jones
803,2025-03-23,LinkedIn,Retail,L: 51-200,60,SQL,2024-01-19,WhatsApp,Nicholas Hardy
804,2024-09-13,LinkedIn,Consulting,S: 1-10,92,Lead,2025-01-09,Call,Michael Johnson
805,2025-02-10,Referral,EdTech,L: 51-200,43,Lead,2025-03-13,LinkedIn,Evan Pitts
806,2024-01-03,Facebook,EdTech,S: 1-10,93,Customer,2024-04-13,Call,Taylor Evans
807,2024-01-16,Email Campaign,Retail,M: 11-50,77,MQL,2024-01-24,WhatsApp,John White
808,2025-02-09,Facebook,Consulting,S: 1-10,42,Lead,2024-11-23,Email,Selena Taylor
809,2025-01-18,Referral,Consulting,L: 51-200,42,MQL,2024-06-26,WhatsApp,James Glover
810,2024-06-13,Facebook,FinTech,S: 1-10,85,SQL,2024-10-09,WhatsApp,Tammy Craig
811,2024-08-27,Facebook,HealthTech,L: 51-200,21,Lead,2024-11-26,LinkedIn,James Jennings
812,2024-10-29,Email Campaign,EdTech,S: 1-10,29,SQL,2024-07-05,WhatsApp,Matthew Wallace
813,2024-06-10,Referral,Logistics,S: 1-10,30,SQL,2024-08-24,WhatsApp,Jessica Rogers
814,2024-12-19,Referral,FinTech,S: 1-10,94,SQL,2024-05-19,Call,Carol Stevenson
815,2025-05-17,Facebook,Retail,S: 1-10,84,MQL,2025-02-18,Call,Miranda Alexander
816,2024-08-16,Referral,FinTech,L: 51-200,16,MQL,2025-01-11,LinkedIn,John King
817,2024-09-16,LinkedIn,Retail,L: 51-200,65,Customer,2024-12-05,Email,Cheryl Briggs
818,2025-02-04,LinkedIn,HealthTech,L: 51-200,85,Lead,2024-05-03,LinkedIn,Janice Noble
819,2024-06-27,LinkedIn,HealthTech,S: 1-10,37,SQL,2024-03-15,WhatsApp,Sherri Young
820,2025-05-08,Referral,Retail,M: 11-50,40,MQL,2024-06-11,Call,Daniel Gordon
821,2024-07-16,Referral,HealthTech,L: 51-200,17,SQL,2024-05-15,Email,Carla Burke
822,2025-06-10,LinkedIn,EdTech,L: 51-200,86,MQL,2024-01-24,LinkedIn,Brandon Smith
823,2024-12-01,Facebook,Consulting,S: 1-10,45,Lead,2024-08-16,Email,Becky Rogers
824,2024-05-16,Referral,EdTech,S: 1-10,58,Customer,2024-10-24,Call,Jessica Marshall
825,2024-11-30,LinkedIn,Consulting,S: 1-10,24,Lead,2024-12-15,Email,Travis Myers
826,2025-01-09,Email Campaign,EdTech,S: 1-10,33,MQL,2024-10-06,Call,Kevin Johnson
827,2025-02-02,Email Campaign,FinTech,M: 11-50,78,SQL,2024-07-26,LinkedIn,Dylan Yang
828,2024-07-20,Facebook,FinTech,L: 51-200,90,MQL,2024-08-25,Call,Virginia Ferguson
829,2025-05-01,LinkedIn,Logistics,S: 1-10,12,Customer,2024-03-20,Call,John Ruiz
830,2025-01-10,Referral,EdTech,S: 1-10,46,Customer,2024-05-26,LinkedIn,James Clark
831,2025-04-28,Referral,Consulting,M: 11-50,32,SQL,2025-06-01,WhatsApp,Michael Frederick
832,2025-03-13,Email Campaign,EdTech,L: 51-200,43,MQL,2024-10-21,LinkedIn,Jade Pugh
833,2024-09-23,Facebook,EdTech,M: 11-50,43,Customer,2024-04-14,Call,Ronald Wood
834,2025-02-01,LinkedIn,Consulting,L: 51-200,38,SQL,2025-01-11,LinkedIn,Michael Ali
835,2025-04-11,Email Campaign,Consulting,M: 11-50,81,Customer,2024-06-07,Email,Rebecca Campbell
836,2024-07-03,Email Campaign,Logistics,S: 1-10,39,Customer,2024-04-21,WhatsApp,Scott Rogers
837,2024-11-22,Facebook,Consulting,S: 1-10,66,Customer,2024-04-07,WhatsApp,Laura Perry
838,2024-09-02,Referral,EdTech,S: 1-10,70,MQL,2025-01-21,Call,Kristine Ward
839,2024-01-06,LinkedIn,EdTech,M: 11-50,98,MQL,2024-07-10,WhatsApp,Erin Robinson
840,2025-01-27,Facebook,HealthTech,M: 11-50,89,Customer,2025-04-25,WhatsApp,James Williams MD
841,2024-06-24,Email Campaign,Consulting,M: 11-50,76,Customer,2024-08-04,Email,Erik Bryant
842,2025-02-03,Email Campaign,FinTech,M: 11-50,25,Customer,2025-04-01,WhatsApp,Cheryl Perez
843,2025-03-26,LinkedIn,EdTech,S: 1-10,45,Customer,2024-11-24,Email,Mark Cooke
844,2025-06-13,LinkedIn,Logistics,M: 11-50,75,MQL,2024-09-18,Email,Krista Estrada
845,2024-01-06,Referral,FinTech,L: 51-200,40,Lead,2024-04-03,LinkedIn,Annette Butler
846,2024-01-03,Facebook,Retail,M: 11-50,18,MQL,2025-06-08,Call,Joshua Ramirez
847,2024-05-02,Facebook,EdTech,L: 51-200,38,MQL,2025-02-06,Email,Nicholas Lane
848,2024-11-14,Facebook,Consulting,M: 11-50,60,MQL,2024-11-02,WhatsApp,Michael Barker
849,2024-03-10,Email Campaign,Consulting,S: 1-10,33,Lead,2024-10-01,WhatsApp,Cheryl Hanson
850,2025-04-03,Facebook,EdTech,M: 11-50,34,MQL,2024-06-17,Call,Randall Morales
851,2024-03-07,LinkedIn,FinTech,M: 11-50,36,MQL,2025-02-22,LinkedIn,Joseph Alexander
852,2025-06-01,Email Campaign,Consulting,L: 51-200,64,SQL,2024-12-30,WhatsApp,Mark Preston
853,2025-02-11,Referral,EdTech,M: 11-50,57,SQL,2024-11-18,Call,Melanie Gonzalez
854,2024-09-02,LinkedIn,Retail,S: 1-10,38,Customer,2025-01-29,LinkedIn,Paige Hill
855,2024-11-06,Email Campaign,HealthTech,M: 11-50,53,SQL,2025-01-27,Call,Courtney Lewis
856,2024-04-19,Email Campaign,EdTech,L: 51-200,27,Lead,2024-10-06,WhatsApp,Gregory James
857,2024-09-10,Referral,Retail,M: 11-50,24,SQL,2024-01-04,Email,Gary Gonzalez
858,2024-07-05,Referral,Retail,S: 1-10,29,Lead,2024-01-26,LinkedIn,Sara Murphy
859,2024-08-22,Facebook,FinTech,S: 1-10,88,SQL,2024-03-25,Call,Lauren Johnson
860,2024-08-12,Email Campaign,Consulting,S: 1-10,90,SQL,2024-09-24,Call,Kevin White
861,2024-01-26,Email Campaign,Consulting,M: 11-50,19,Lead,2025-06-02,LinkedIn,William Mendoza
862,2024-10-24,LinkedIn,EdTech,M: 11-50,71,MQL,2024-09-20,Email,Daniel Lewis
863,2024-05-21,Email Campaign,Logistics,L: 51-200,93,SQL,2025-01-04,Email,Martin Lawson
864,2024-06-19,Facebook,HealthTech,S: 1-10,79,MQL,2025-05-16,LinkedIn,Matthew Hensley
865,2025-05-12,Referral,EdTech,M: 11-50,31,MQL,2025-04-14,WhatsApp,Jonathan Brown
866,2024-01-26,Facebook,Consulting,L: 51-200,96,MQL,2024-05-22,Call,Jeffrey Miller
867,2024-05-13,Referral,HealthTech,S: 1-10,44,SQL,2024-08-01,WhatsApp,Michelle Taylor
868,2024-04-27,Facebook,Retail,S: 1-10,27,SQL,2024-07-24,Call,Michele Nguyen
869,2024-05-02,LinkedIn,FinTech,L: 51-200,14,MQL,2024-03-08,LinkedIn,Eric Mitchell
870,2025-04-08,Facebook,EdTech,M: 11-50,26,Lead,2024-10-06,LinkedIn,Mary Adams
871,2025-01-22,Referral,HealthTech,S: 1-10,22,SQL,2024-04-26,LinkedIn,Kyle Barnes
872,2024-02-21,Facebook,EdTech,S: 1-10,29,Customer,2024-03-02,WhatsApp,Thomas Richardson
873,2024-05-05,LinkedIn,Consulting,M: 11-50,31,Customer,2024-12-14,WhatsApp,Kenneth Gonzales
874,2024-02-20,Email Campaign,Logistics,S: 1-10,29,Lead,2025-02-10,Call,Makayla Erickson
875,2024-04-06,LinkedIn,FinTech,M: 11-50,71,MQL,2024-04-07,WhatsApp,Caitlin Jenkins
876,2025-05-30,Referral,HealthTech,M: 11-50,27,Customer,2024-06-23,Call,Sheryl Jones
877,2025-01-15,Referral,Logistics,M: 11-50,87,Customer,2024-01-01,LinkedIn,Marcus Strickland
878,2024-11-09,Referral,FinTech,S: 1-10,19,SQL,2024-11-20,Call,Phillip Jenkins
879,2025-05-28,Referral,HealthTech,M: 11-50,36,SQL,2025-05-10,Email,Melvin Proctor
880,2024-05-08,Facebook,HealthTech,S: 1-10,59,SQL,2024-02-02,LinkedIn,Juan Ramos
881,2024-04-07,Referral,EdTech,M: 11-50,66,Lead,2025-01-07,WhatsApp,Jessica Baker
882,2024-07-15,LinkedIn,Retail,L: 51-200,80,SQL,2024-06-20,Email,Kara Bailey
883,2025-01-25,Email Campaign,Retail,S: 1-10,95,Customer,2024-01-23,Email,Douglas Mathews MD
884,2024-07-22,Facebook,EdTech,L: 51-200,78,Lead,2025-02-27,LinkedIn,David Kline
885,2024-08-29,Facebook,Logistics,L: 51-200,69,Lead,2024-08-22,Call,Daniel Williams
886,2025-01-23,LinkedIn,EdTech,M: 11-50,38,MQL,2024-06-15,Call,Kathleen Salazar
887,2024-09-07,Facebook,FinTech,S: 1-10,54,MQL,2024-06-15,WhatsApp,Jessica Brown
888,2024-06-08,LinkedIn,Logistics,M: 11-50,71,SQL,2025-01-13,WhatsApp,Kyle Anderson
889,2024-08-13,LinkedIn,Retail,L: 51-200,68,Lead,2025-05-22,Email,Renee Anderson
890,2024-05-11,LinkedIn,FinTech,S: 1-10,40,Customer,2024-01-03,WhatsApp,Tammy Cochran
891,2024-04-06,Referral,EdTech,L: 51-200,26,Customer,2024-06-17,Call,Melinda Richardson
892,2024-05-31,Email Campaign,HealthTech,S: 1-10,78,Lead,2024-06-13,WhatsApp,Michael Richardson
893,2024-01-08,LinkedIn,Logistics,M: 11-50,78,Lead,2024-03-30,Email,Eric Anderson
894,2024-01-14,Referral,FinTech,M: 11-50,22,MQL,2024-08-20,Call,Rick Nielsen
895,2025-06-26,LinkedIn,FinTech,M: 11-50,95,MQL,2024-04-03,LinkedIn,Lucas Garza
896,2024-06-10,Referral,Consulting,M: 11-50,56,Customer,2024-10-10,WhatsApp,Tamara Mendoza
897,2025-03-12,Facebook,Retail,S: 1-10,96,Customer,2024-06-22,WhatsApp,Jason Crawford
898,2024-02-07,Referral,Consulting,L: 51-200,10,Lead,2025-01-10,Email,Kristi Butler
899,2025-04-21,LinkedIn,Logistics,M: 11-50,49,Lead,2025-06-05,WhatsApp,Leonard Gray
900,2025-06-12,Referral,Logistics,S: 1-10,98,MQL,2024-10-05,WhatsApp,Joanne Martinez
901,2025-04-01,Email Campaign,Retail,S: 1-10,77,SQL,2024-03-05,Email,Keith Johnson
902,2024-08-02,LinkedIn,EdTech,S: 1-10,42,MQL,2024-01-11,Email,Isaac Reeves
903,2024-11-22,Referral,HealthTech,S: 1-10,71,Customer,2024-11-22,Email,Casey Harper
904,2024-04-22,Facebook,Retail,S: 1-10,41,SQL,2024-06-15,WhatsApp,Angel Sanford
905,2024-04-10,Facebook,Logistics,M: 11-50,47,Lead,2025-05-05,WhatsApp,Alexa Kelley
906,2024-10-03,Email Campaign,EdTech,M: 11-50,46,Lead,2025-03-31,Call,Heather Roach
907,2025-02-28,Facebook,FinTech,L: 51-200,23,SQL,2024-03-17,Email,David Simpson
908,2024-10-09,Referral,Consulting,S: 1-10,79,Lead,2024-06-12,Call,Mackenzie Silva
909,2025-04-01,Email Campaign,HealthTech,S: 1-10,26,SQL,2024-08-17,LinkedIn,Christopher Jordan
910,2025-03-04,Referral,Logistics,S: 1-10,23,MQL,2024-06-23,Call,Dawn Gutierrez
911,2024-06-26,LinkedIn,Logistics,S: 1-10,74,MQL,2024-05-30,WhatsApp,Nicholas Palmer DDS
912,2024-06-17,LinkedIn,Consulting,M: 11-50,13,SQL,2025-02-20,Email,Tracy Fischer
913,2024-02-02,Referral,FinTech,S: 1-10,93,Customer,2025-02-05,Call,Lisa Williams
914,2024-01-03,Email Campaign,Consulting,L: 51-200,83,Lead,2024-03-25,Email,Marvin Soto
915,2024-05-09,Facebook,Retail,S: 1-10,72,SQL,2024-05-02,Email,Brandon Ryan
916,2024-03-09,LinkedIn,Retail,S: 1-10,23,MQL,2024-05-25,LinkedIn,Brandy Soto
917,2024-12-27,Email Campaign,EdTech,S: 1-10,89,MQL,2025-06-05,LinkedIn,Jessica Hodges
918,2024-06-24,Referral,Retail,M: 11-50,97,MQL,2024-01-26,LinkedIn,Kathy Kirby
919,2025-04-04,Referral,EdTech,M: 11-50,47,Lead,2024-12-26,Call,Jason Cooper
920,2024-06-29,LinkedIn,HealthTech,M: 11-50,18,Customer,2025-06-25,LinkedIn,Jasmine Sandoval
921,2024-02-20,Email Campaign,FinTech,S: 1-10,42,Customer,2025-02-21,LinkedIn,Martin Lyons
922,2024-11-05,Facebook,EdTech,L: 51-200,88,SQL,2024-12-06,LinkedIn,Robert Kennedy
923,2025-05-11,Referral,Consulting,M: 11-50,88,Customer,2024-04-02,LinkedIn,Emily Ross
924,2024-05-31,Email Campaign,HealthTech,S: 1-10,19,Customer,2024-09-27,Email,Alex Jackson
925,2024-08-19,LinkedIn,EdTech,L: 51-200,26,Customer,2025-01-10,WhatsApp,Jamie Reyes
926,2024-01-12,Email Campaign,EdTech,L: 51-200,27,Customer,2025-04-01,Call,Andrea Carroll
927,2024-12-22,Facebook,Logistics,L: 51-200,30,Customer,2024-10-07,Email,Kathryn Fields
928,2024-08-24,Email Campaign,Logistics,S: 1-10,34,MQL,2024-07-24,LinkedIn,Karen Nielsen
929,2024-05-11,Facebook,Consulting,S: 1-10,53,MQL,2024-07-18,Call,Michael Sandoval
930,2025-06-06,Email Campaign,Logistics,M: 11-50,41,MQL,2024-06-18,LinkedIn,Denise Myers
931,2024-02-03,LinkedIn,FinTech,M: 11-50,18,MQL,2025-01-20,Email,Glenn Dixon
932,2025-04-21,Email Campaign,FinTech,M: 11-50,87,MQL,2024-11-12,LinkedIn,Shannon Lopez
933,2024-01-08,Facebook,Logistics,S: 1-10,28,Lead,2025-03-30,Call,Nicole Macias
934,2025-02-06,Email Campaign,EdTech,M: 11-50,18,SQL,2025-03-23,WhatsApp,Holly Frost
935,2025-06-17,Referral,Logistics,M: 11-50,94,Customer,2024-03-21,Call,Samuel Dickson
936,2024-10-17,Referral,Logistics,M: 11-50,70,Customer,2024-11-05,Call,John Mclean
937,2025-06-18,Facebook,Retail,M: 11-50,40,Lead,2025-02-15,Email,Judith Crosby
938,2024-10-21,LinkedIn,Consulting,M: 11-50,54,SQL,2024-01-22,LinkedIn,Matthew Freeman
939,2024-10-15,Email Campaign,Consulting,M: 11-50,58,SQL,2024-07-29,WhatsApp,Cynthia Hall
940,2024-03-22,Email Campaign,Consulting,S: 1-10,36,Customer,2024-06-18,WhatsApp,Thomas Edwards
941,2024-06-24,Facebook,FinTech,M: 11-50,65,SQL,2024-12-20,Email,Paige Hunter
942,2025-02-26,Facebook,Consulting,L: 51-200,47,SQL,2024-08-15,LinkedIn,Marc Riley
943,2024-03-08,LinkedIn,FinTech,S: 1-10,14,MQL,2024-01-27,Email,Shelby Bailey
944,2025-04-25,Referral,FinTech,S: 1-10,76,Lead,2024-01-05,Email,Dawn Macdonald
945,2025-01-15,Email Campaign,FinTech,M: 11-50,29,Customer,2025-03-14,LinkedIn,Melinda Smith
946,2025-06-29,Facebook,HealthTech,M: 11-50,23,MQL,2025-01-06,WhatsApp,Travis Hendricks
947,2024-11-20,Referral,EdTech,S: 1-10,51,Customer,2025-05-21,Call,Sheri Osborn
948,2025-05-12,Email Campaign,Logistics,M: 11-50,78,MQL,2024-12-20,WhatsApp,Judith Miller
949,2024-03-21,Referral,Consulting,S: 1-10,53,Customer,2025-01-25,Call,Grant Cole
950,2025-05-14,Facebook,FinTech,S: 1-10,27,Lead,2024-02-11,Call,Mark Douglas
951,2025-01-22,LinkedIn,Retail,M: 11-50,16,MQL,2024-08-31,Email,Jose Lee
952,2024-09-23,Facebook,FinTech,L: 51-200,73,Lead,2024-04-29,Call,Tasha Parker
953,2024-06-04,Facebook,HealthTech,L: 51-200,58,MQL,2024-08-18,Email,Stefanie French
954,2024-01-24,Referral,Consulting,L: 51-200,63,MQL,2024-12-15,Call,Tanner Harrison
955,2025-02-23,Facebook,EdTech,S: 1-10,75,Customer,2025-01-09,LinkedIn,Alisha Salinas MD
956,2024-08-04,LinkedIn,FinTech,S: 1-10,85,SQL,2024-05-25,Call,Robert Spence
957,2024-07-27,Facebook,Logistics,L: 51-200,60,MQL,2025-04-15,Email,Kelly Cunningham
958,2025-06-07,Referral,FinTech,S: 1-10,13,Customer,2024-08-25,WhatsApp,James Mora
959,2024-08-19,LinkedIn,Consulting,L: 51-200,49,SQL,2025-03-25,Call,Amanda Garcia
960,2024-02-29,Facebook,Retail,S: 1-10,13,Lead,2024-11-01,Call,William Romero
961,2024-09-06,Referral,Logistics,M: 11-50,86,SQL,2024-09-28,WhatsApp,Renee Nguyen
962,2024-07-30,Referral,EdTech,L: 51-200,72,MQL,2025-03-31,Email,John Davis
963,2024-07-01,Email Campaign,Logistics,M: 11-50,38,Customer,2025-01-31,WhatsApp,Carlos Williams
964,2024-09-20,Email Campaign,HealthTech,S: 1-10,12,Lead,2025-05-24,Email,David Barker
965,2025-02-18,LinkedIn,FinTech,M: 11-50,10,MQL,2024-08-09,Call,John Martinez
966,2025-02-19,Email Campaign,Consulting,S: 1-10,72,Lead,2024-11-09,Call,Kathy White
967,2024-02-08,Facebook,HealthTech,S: 1-10,17,Customer,2025-04-13,WhatsApp,Nicholas Adams
968,2024-01-23,LinkedIn,Retail,M: 11-50,47,Customer,2025-03-20,Call,Erica Cox
969,2024-01-24,LinkedIn,EdTech,M: 11-50,29,Customer,2024-12-07,Call,Jason Chavez
970,2024-05-31,Email Campaign,FinTech,M: 11-50,77,SQL,2024-02-15,Call,Melissa Smith
971,2024-03-13,Email Campaign,EdTech,M: 11-50,19,Customer,2024-02-23,WhatsApp,Elizabeth Nguyen
972,2025-01-12,Referral,Consulting,S: 1-10,53,SQL,2024-05-22,Call,Robert Moody
973,2024-02-20,Email Campaign,FinTech,S: 1-10,50,Customer,2025-06-30,Call,Tonya Moses
974,2025-01-06,LinkedIn,Consulting,L: 51-200,24,Lead,2024-07-27,WhatsApp,Robert Tapia
975,2024-11-17,Referral,FinTech,M: 11-50,28,Lead,2024-12-11,LinkedIn,Kathleen Meyer DVM
976,2024-01-29,LinkedIn,EdTech,M: 11-50,46,Customer,2025-06-28,Email,Christopher Whitehead
977,2024-05-12,LinkedIn,Logistics,S: 1-10,49,SQL,2024-08-26,LinkedIn,Charles Zavala
978,2024-11-15,Email Campaign,EdTech,M: 11-50,81,Lead,2024-05-18,Call,Alexa Garrison
979,2025-04-21,Referral,FinTech,L: 51-200,93,Lead,2024-06-18,LinkedIn,Janice Lozano
980,2024-12-29,LinkedIn,FinTech,L: 51-200,23,Customer,2024-03-25,WhatsApp,John Pearson
981,2024-12-22,LinkedIn,Consulting,L: 51-200,57,SQL,2024-08-02,Email,John Wilson
982,2024-06-12,Email Campaign,HealthTech,M: 11-50,32,MQL,2024-05-15,Email,Matthew Harris
983,2024-04-07,LinkedIn,Consulting,L: 51-200,18,Lead,2025-02-25,Call,James Carpenter
984,2025-05-22,Referral,Consulting,L: 51-200,60,Customer,2024-09-16,WhatsApp,Regina Adams
985,2024-05-02,LinkedIn,Retail,S: 1-10,97,SQL,2024-12-24,Call,Rebecca Reyes
986,2024-04-05,Referral,Consulting,M: 11-50,71,Lead,2024-11-03,WhatsApp,Steven Thornton
987,2024-09-26,Facebook,Consulting,M: 11-50,59,MQL,2025-03-22,WhatsApp,Nathan Fisher
988,2024-09-04,Email Campaign,Logistics,S: 1-10,40,Lead,2024-06-27,Email,Brad Dominguez
989,2024-07-20,Email Campaign,FinTech,M: 11-50,59,MQL,2024-01-12,LinkedIn,Tina Johnson
990,2025-04-30,LinkedIn,Logistics,L: 51-200,62,Customer,2024-10-10,Call,Shawn Huber
991,2025-04-13,Email Campaign,Logistics,M: 11-50,50,MQL,2024-09-27,Call,Adam Sanchez
992,2024-01-30,Email Campaign,Logistics,M: 11-50,89,MQL,2024-02-16,Email,Barbara Garcia
993,2024-02-22,Email Campaign,Logistics,S: 1-10,59,Lead,2024-04-22,Email,John Zavala
994,2024-08-11,Facebook,FinTech,L: 51-200,76,MQL,2025-04-25,Email,Kim Bishop
995,2024-05-06,Facebook,EdTech,S: 1-10,85,SQL,2024-12-27,Call,Lawrence Barker
996,2024-05-09,Facebook,FinTech,L: 51-200,49,Customer,2024-07-28,LinkedIn,Rachel Drake
997,2024-04-03,Email Campaign,Logistics,M: 11-50,66,MQL,2025-01-16,Email,Olivia Harrison
998,2024-04-03,Email Campaign,Logistics,M: 11-50,86,SQL,2025-05-01,LinkedIn,Randy Walter
999,2025-06-22,Referral,Consulting,M: 11-50,19,Lead,2024-05-09,LinkedIn,Cassandra Burns
1000,2024-07-26,LinkedIn,FinTech,L: 51-200,20,Customer,2025-03-23,WhatsApp,Alison Gilmore
